209 ,朝花夕拾鲁迅,鲁迅,人民教育出版社,null,9787107316616 ,22.8,17.10,15524 ,江苏无锡
279 ,快乐读书吧二年级语文教...,明天出版社,明天出版社,null,9787533299071 ,18,16.80,125424 ,湖北武汉
378 ,假如给我三天光明,海伦.凯勒,汕头大学出版社,2014年6月,9787565812842 ,19.8,29.80,1525 ,湖北武汉
389 ,口才三绝会赞美会幽默会拒...,无,中译出版社,null,9787555710929 ,29.8,29.80,15869 ,北京
408 ,快乐读书吧,无,山东教育出版社,null,9787570106646 ,75,16.80,16336 ,广东广州
467 ,成语故事,李亭,武汉出版社,null,9787558203138 ,51.8,9.90,114785 ,江苏南京
509 ,中国经典故事,无,延边大学出版社,null,9787568822169 ,200,19.80,144563 ,湖北武汉
548 ,口才三绝会赞美会幽默会拒...,无,成都地图出版社,null,9787555710929 ,29.8,29.80,12536 ,北京
563 ,昆虫记,法布尔,山东美术出版社,2013年4月,9787533041755 ,28.8,11.80,17536 ,江苏徐州
636 ,365夜睡前故事(哲理小故事...,深圳幼福编辑部,晨光,null,9787541497643 ,13.8,39.80,1123 ,上海
665 ,伴随孩子成长的励志故事（...,无,上海科学普及出版社,2018年12月,9787542768520 ,126.4,16.80,10236 ,湖北武汉
669 ,宝宝启蒙睡前小故事,罗自国,文化发展出版社,null,9787514213232 ,120,26.80,17563 ,湖北武汉
703 ,你比我想象中勇敢,无,海豚出版社,null,9787511038319 ,134.4,29.90,14125 ,河南郑州
725 ,夏洛的网,E·B·怀特,上海译文出版社,null,9787532770328 ,36,19.50,19636 ,浙江杭州
761 ,公主童话,罗自国,吉林出版集团责任公司,null,9787553486543 ,13.8,19.80,1752 ,湖北武汉
777 ,5分钟玩出专注力,丽莎.里根,中国人口出版社,2015/8/1,9787510135217 ,14.8,28.80,11256 ,江苏徐州
818 ,和大人一起读(一至四册),无,人民教育出版社,null,9787107327131 ,39.8,29.85,1357 ,江苏南京
832 ,断舍离,山下英子,广西科学技术出版社,2013年7月,9787807639817 ,32,16.00,1442 ,北京
885 ,成语接龙,无,长江出版社,2012年12月,9787549217205 ,9.8,29.80,2563 ,湖北武汉
918 ,读书不是为爸妈,无,知识出版社,2018年3月,9787501596942 ,200,26.80,12365 ,北京
929 ,一分钟口才训练,杨少丹编著著作,北方妇女儿童出版社,2014年6月,9787538583519 ,18,8.80,112369 ,北京
3 ,唐诗三百首,无,世界图书出版广东有限公司,2017年5月,9787510097638 ,29.8,8.90,12368 ,北京
196 ,中国民间故事,无,南方出版社,2019年7月,9787550154698 ,22.8,14.80,2563 ,浙江杭州
302 ,米小圈上学记(二年级),北猫,四川少年儿童出版社,null,9787536587762 ,100,59.90,20236 ,上海
373 ,五年级必读经典书目,无,浙江教育出版社,null,9787553692081 ,62.3,22.80,27896 ,上海
383 ,爸妈不是我的佣人,无,金盾出版社,2016年3月,9787518608447 ,100,29.80,25458 ,湖北武汉
403 ,快乐读书吧二年级上,无,北京教育出版社,null,9787570404551 ,64,19.80,2125 ,上海
443 ,大脑使用书6册,无,中国华侨出版社,null,9787511376510 ,128,39.80,27523 ,浙江杭州
606 ,快乐读书吧二年级语文教...,无,明天出版社,2018年8月,9787533299071 ,90,18.00,242563 ,上海
749 ,小学生成长励志文学,无,长江文艺出版社,null,9787535490087 ,19.8,19.80,256 ,湖北武汉
801 ,胜在交际赢在生意,陈立之,江西美术出版社,null,9787548055327 ,39.8,24.80,211 ,北京
892 ,人生若茶,无,贵州大学出版社,2013年1月,9787811265323 ,24.8,28.80,21523 ,北京
212 ,朝花夕拾,鲁迅,中国华侨出版社,null,9787511372284 ,38,17.10,21111 ,浙江杭州
250 ,米小圈上学记,无,四川少年儿童出版社,null,9787536587694 ,100,59.90,232 ,上海
393 ,成语故事,无,吉林出版集团有限责任公司,2013年11月,9787553428598 ,16.8,12.80,2452 ,河南郑州
591 ,人间失格,太宰治,煤炭工业出版社,null,9787502062347 ,30,15.00,5212 ,江苏宿迁
2 ,童年,(苏)马克西姆·高尔基,江苏少年儿童出版社,2014年6月,9787534683664 ,20,23.80,123652 ,上海
654 ,演讲与口才——陈义生的演...,陈义生,浙江工商大学出版社,null,9787517826583 ,42,29.80,31236 ,北京
779 ,宝宝小画书,无,上海科学普及出版社,2015年5月,9787510133121 ,108,16.80,31222 ,广东广州
860 ,口才三绝,方士华,民主与建设出版社,null,9787513925105 ,59.8,9.90,34563 ,北京
919 ,格林童话,格林兄弟,南京出版社,null,9787553317786 ,15.8,9.90,31256 ,湖北武汉
926 ,小狗的小房子,孙幼军,浙江少年儿童出版社,null,9787559709158 ,18,19.50,3256 ,湖北武汉
136 ,阳光少年成长记注音励志读...,崔钟雷,黑龙江美术出版社,2017年12月,9787559320063 ,15.8,25.80,41025 ,北京
640 ,你比我想象中勇敢,无,海豚出版社,null,9787511038319 ,134.4,29.80,45632 ,湖北武汉
228 ,心理学系列共10册,墨墨,.,null,9787538898927 ,379.8,32.00,5639 ,上海
880 ,安徒生童话,安徒生,青岛出版社,null,9787555280361 ,25,18.00,51256 ,上海
131 ,马云的功守道,张笑恒,江苏人民出版社,null,9787214216045 ,45,29.80,6000 ,北京
810 ,别输在不会表达上,无,吉林文史出版社,null,9787547245439 ,49,29.80,8252 ,北京
942 ,人性的优点人性的弱点全集,袭村野,辽宁画报出版社,2006年7月,9787806018590 ,38,65.00,7569 ,北京
161 ,年轻人别让不好意思害了你,无,成都时代出版社,2014年6月,9787546411644 ,288,65.00,712 ,北京
194 ,神话传说,无,浙江教育出版社,null,9787553693101 ,29.6,16.80,1125 ,上海
77 ,SQLServer从入门到精通第...,明日科技,清华大学出版社,null,9787302458210 ,79.8,53.40,1412 ,河南郑州
114 ,中国古代神话,刘敬余编,北京教育出版社,2018年,9787570403004 ,54,28.80,2425 ,江苏徐州
21 ,脑筋急转弯全套4册,北猫,四川少年儿童出版社,null,9787536574373 ,16,38.40,5000 ,山东济南
72 ,迷宫,无,石油工业出版社,null,9787502140038 ,12,19.80,5000 ,河南郑州
110 ,森林报,维·比安基,汕头大学出版社,2013年11月,9787565810497 ,39.8,28.80,5000 ,湖南长沙
134 ,儿童潜能开发游戏大全,无,南京大学出版社,null,9787305186547 ,16.8,26.80,5000 ,江苏南京
135 ,史记,司马迁,团结出版社,null,9787512652156 ,298,35.80,5000 ,北京
142 ,爱的教育（全20册）,无,长江出版社,null,9787549254446 ,200,42.80,5000 ,湖南长沙
261 ,一个个找不同,青葫芦,广东人民出版社,null,9787218127514 ,48,9.60,5000 ,福建福州
276 ,四大名著,吴承恩曹雪芹罗贯中施耐庵,北方文艺出版社,2015年5月,9787533041489 ,580,68.80,5000 ,北京
281 ,脑筋急转弯,北猫,四川少年儿童出版社,null,9787536574366 ,64,38.40,5000 ,湖北武汉
425 ,冰心儿童文学精选,冰心,高等教育出版社,2014年9月,9787040409710 ,22.8,38.00,5000 ,湖北武汉
501 ,方与圆(提升版),无,羊城晚报出版社,null,9787806517734 ,28,89.00,5000 ,北京
515 ,演讲与口才(总第31卷合订...,邵天骄,演讲与口才,null,9787556808243 ,10,12.80,5000 ,北京
574 ,睡前故事,无,汕头大学出版社,2015年5月,9787565818011 ,136,28.00,5000 ,上海
575 ,四年级上册快乐读书吧神话...,曹文轩,人民教育出版社,null,9787107335822 ,73,54.75,5000 ,江苏南京
582 ,夏洛的网套装19册,无,461.4,null,9787532767373 ,80,99.00,5000 ,浙江杭州
593 ,人生必读书爱的教育,亚米契斯,山东美术出版社,2013年4月,9787533041564 ,28.8,11.80,5000 ,江苏徐州
602 ,口才三绝,无,成都地图出版社,null,9787555710929 ,122.4,35.80,5000 ,上海
678 ,口才三绝,盛安之,立信会计,null,9787542945150,108,28.80,5000 ,浙江杭州
682 ,儿童励志成长宝典,孙锐,北京教育出版社,null,9787552281613 ,102.4,22.80,5000 ,河南郑州
691 ,米小圈四年级,北猫,四川少年儿童出版社,2018年4月,9787536588196 ,100,59.90,5000 ,上海
741 ,心理学系列共10册,墨墨,.,null,9787538898927 ,379.8,99.00,5000 ,浙江杭州
756 ,海底两万里,凡尔纳,山东美术出版社,2013年4月,9787533041830 ,28.8,19.80,5000 ,北京
830 ,3册快乐读书吧6年级上册,无,北京教育出版社,null,9787570415908 ,54,24.80,5000 ,江苏徐州
936 ,朝花夕拾名著,无,人民教育出版社,null,9787107316616 ,22.8,17.10,5000 ,江苏南京
937 ,专注力训练,无,漓江出版社,null,9787540775315 ,60,28.80,5000 ,浙江杭州
70 ,羊皮卷,【美】拉塞尔．H.康威尔,.无,null,9787570403738 ,194.2,16.80,5152 ,广东广州
30 ,中国民间故事,少军,新疆青少年出版社,2015年3月,9787551527491 ,19.8,15.00,5500 ,北京
34 ,好性格好习惯好心态,无,华龄出版社,null,9787516909461 ,25,13.50,5500 ,北京
59 ,墨菲定律,鸿雁,吉林文史出版社,null,9787547240489 ,49,16.80,5500 ,湖北武汉
91 ,熊孩子励志成长记,无,世纪图书出版公司,null,9787519224844 ,79,29.80,5500 ,湖南长沙
313 ,不抱怨的世界,无,外文出版社,2013年4月,9787119076843 ,59,29.80,5500 ,湖南长沙
444 ,米小圈漫画成语书,无,四川少年儿童出版社,2016年5月,9787536575356 ,74,44.40,5500 ,上海
707 ,口才三绝,方士华,民主与建设出版社,null,9787513925105 ,59.8,19.80,5500 ,河北廊坊
780 ,稻草人,叶圣陶,商务印书馆,2012年8月,9787100092258 ,15.8,10.80,5500 ,广东广州
792 ,我们仨,杨绛,三联书店,2003年7月,9787108042453 ,23,11.50,5500 ,江苏南京
841 ,安徒生童话,安徒生,青岛出版社,null,9787555280361 ,25,18.00,5500 ,北京
903 ,每天学点口才学,无,汕头大学出版社,2014年5月,9787565813337 ,59,19.80,5500 ,北京
85 ,彼得兔和他的朋友们,波特,北京时代华文书局,null,9787569912876 ,80,19.90,6000 ,福建福州
107 ,弟子规注音彩图版,无,汕头大学出版社,2015年11月,9787565820854 ,10,8.80,6000 ,上海
205 ,人间失格,[日]太宰治著何青鹏译,现代出版社,null,9787514346404 ,26,23.60,6000 ,广东广州
233 ,中国古代神话,刘敬余编,北京教育出版社,2018年,9787570403004 ,54,29.80,6000 ,上海
258 ,平凡的世界,路遥,北京十月文艺出版社,2012年2月,9787530216781 ,79.8,58.00,6000 ,江苏无锡
275 ,草房子,曹文轩,江苏凤凰少年儿童出版社,2009年6月,9787534618727 ,22,14.80,6000 ,江苏南京
283 ,格林童话套装3本,廉东星,新疆青少年出版社,null,9787559009678 ,77.4,25.80,6000 ,江苏徐州
450 ,墨菲定律,鸿雁,吉林文史出版社,null,9787547240489 ,49,19.80,6000 ,北京
471 ,淘气包马小跳,杨红樱,安徽少年儿童出版社,2019年9月,9787538542035 ,29.8,54.00,6000 ,江苏徐州
535 ,半小时漫画中国史,陈磊,江苏凤凰文艺出版社,null,9787539999883 ,159.6,79.80,6000 ,北京
635 ,了不起的狐狸爸爸,罗尔德,明天出版社,null,9787533299224 ,28,14.00,6000 ,江苏南京
702 ,五年级必读4册,无,浙江教育出版社,null,9787553692081 ,62.3,27.80,6000 ,广东广州
724 ,十宗罪6册赠杂志,蜘蛛,湖南文艺,null,9787540471682 ,196.6,125.00,6000 ,福建福州
746 ,挫折 挫折 我不怕,崔钟雷,黑龙江美术出版社,2016,9787531895053 ,19.8,9.90,6000 ,湖北武汉
786 ,和大人一起读(一至四册),无,人民教育出版社,null,9787107327131 ,39.8,29.80,6000 ,浙江杭州
840 ,做诚实的自己,无,北京教育出版社,null,9787539486413 ,10,28.50,6000 ,湖北武汉
872 ,朝花夕拾,鲁迅/著,吉林文史出版社,null,9787547247181 ,22.8,28.80,6000 ,北京
924 ,十宗罪套装,蜘蛛,湖南文艺,null,9787515821771 ,241.6,125.00,6000 ,湖北武汉
57 ,世说新语,刘义庆,人民教育出版社,null,9787107329470 ,27.8,20.85,6500 ,江苏南京
173 ,米小圈三年级,北猫,四川少年儿童出版社,2018年3月,9787536587809 ,100,59.90,6500 ,上海
843 ,大脑使用书6册,无,中国华侨出版社,null,9787511376510 ,128,39.80,6500 ,安徽合肥
26 ,昆虫记,无,电子工业出版社,null,9787121360817 ,168,29.90,7000 ,上海
126 ,漫画歇后语大全,无,中国和平出版社,null,9787513712743 ,96,29.80,7000 ,上海
242 ,狼道平装,无,吉林文史出版社,null,9787547245323 ,225,29.90,7000 ,北京
289 ,爸妈不是我的佣人,无,金盾出版社,2016年3月,9787518608447 ,100,29.80,7000 ,江苏徐州
328 ,淘气包马小跳,无,安徽少年儿童出版社,2019年9月,9787538542035 ,22,54.00,7000 ,上海
340 ,和大人一起读,无,北京教育出版社,null,9787570405046 ,52,25.80,7000 ,江苏徐州
466 ,脑筋急转弯,廉东星编,世界图书出版公司,2017年,9787539484051 ,90,18.80,7000 ,浙江杭州
694 ,中华成语故事,无,湖南大学出版社,null,9787566714497 ,80,39.80,7000 ,上海
727 ,思维解码墨菲定律,无,吉林文史出版社,null,9787547240489 ,45,16.80,7000 ,江苏南京
859 ,安徒生童话格林童话稻...,无,人民教育出版社,null,9787107330117 ,75,37.50,7000 ,江苏南京
55 ,天天星期三(精)/花婆婆...,方素珍|绘画:郝洛玟,浙江少儿,2013年5月,9787534273421 ,29,19.00,7500 ,上海
601 ,童年高尔基,高尔基,开明出版社,null,9787513145725 ,25.8,12.50,7500 ,江苏南京
958 ,中国古代神话,刘敬余编,北京教育出版社,2018年,9787570403004 ,54,28.80,7500 ,江苏徐州
312 ,这里是中国,星球研究所,中信出版集团,null,9787521701579 ,168,126.00,8000 ,北京
325 ,快乐读书吧三年级上,无,浙江教育出版社,null,9787553692005 ,41.4,19.80,8000 ,湖北武汉
344 ,儿童安全迷宫书,青葫芦编,福建科学技术出版社,null,9787533554408 ,48,16.80,8000 ,福建福州
559 ,稻草人(彩图注音版)/小...,叶圣陶,北京教育出版社,2017年12月,9787552220056 ,13.8,9.80,8000 ,江苏淮安
708 ,小鲤鱼跳龙门,金近,南京出版社,null,9787553325750 ,18,16.80,8000 ,江苏南京
901 ,三字经,无,远方出版社,2014年8月,9787555501183 ,13.8,9.80,8000 ,上海
46 ,励志故事(影响孩子一生的...,谭旭东,四川少年儿童出版社,2012年1月,9787536555099 ,19.79,35.00,8500 ,浙江杭州
146 ,稻草人,叶圣陶,世界图书出版社,null,9787510097614 ,19.8,21.00,8500 ,上海
311 ,狼王梦书,无,浙江少年儿童出版社,2009年10月,9787534256301 ,18,13.00,8500 ,上海
365 ,四大名著中国古典文学名著,曹雪芹吴承恩施耐庵罗贯中,北京教育出版社,2014年5月,9787552238396 ,98,48.00,8500 ,山东青岛
371 ,西游记(彩图注音版),吴承恩,黑龙江美术出版社,2016年1月,9787531871927 ,28,39.80,8500 ,上海
460 ,小英雄,管桦,北京教育出版社,null,9787552256772 ,16.8,9.90,8500 ,江苏淮安
829 ,教育部统编《语文》推荐阅...,高尔基,人民文学出版社,null,9787020137398 ,30,19.60,8500 ,江苏南京
13 ,小狗的小房子,孙幼军,浙江少年儿童出版社,null,9787559709158 ,18,24.80,9000 ,广东广州
394 ,三字经,王应麟,浙江人民出版社,2014年9月,9787213048142 ,19.8,19.80,9000 ,湖北武汉
496 ,安徒生童话格林童话,无,吉林美术出版社,2016年6月,9787557511982 ,70,39.80,9000 ,湖南长沙
697 ,童年,高尔基,商务印书馆国际有限公司,null,9787517605317 ,28,13.80,9000 ,江苏淮安
42 ,神话传说,无,浙江教育出版社,null,9787553693101 ,29.6,16.80,9500 ,上海
651 ,口才三绝会赞美会幽默会拒...,无,成都地图出版社,null,9787555710929 ,29.8,18.80,9500 ,湖南长沙
47 ,成长励志系列爸妈不是我的...,无,郑州大学出版社,null,9787564544225 ,108,24.80,10023 ,湖北武汉
52 ,朝花夕拾·呐喊,鲁迅,广东旅游出版社,null,9787557006129 ,24.8,13.80,10025 ,上海
11 ,太较真你就输了,无,吉林文史出版社,2017年,9787547239100 ,36,99.00,11235 ,北京
88 ,安徒生童话选集格林童话,无,译林出版社,null,9787544709101 ,52,37.50,11458 ,浙江杭州
36 ,中国民间故事,无,天地出版社,null,9787545528114 ,24.8,35.00,12536 ,上海
6 ,儿童观察力训练,无,广东人民出版社,null,9787218132518 ,72,35.80,14569 ,广东广州
152 ,人性的优点人性的弱点全集,袭村野,辽宁画报出版社,2006年7月,9787806018590 ,38,39.80,15125 ,北京
10 ,送给孩子们的经典美文365...,无,吉林美术出版社,2018年2月,9787557533304 ,25,9.90,25236 ,湖北武汉
155 ,活着/余华作品,余华,100,2012年8月,9787506365437 ,20,14.00,25555 ,江苏无锡
145 ,办法总比困难多,文文姐姐,郑州大学出版社,null,9787564543587 ,160,28.80,34525 ,湖北武汉
20 ,活着/余华作品,余华,作家出版社,2012年8月,9787506365437 ,28,16.80,110236 ,北京
25 ,成语故事,王也,台海出版社,2018年3月,9787516817230 ,80,23.80,114785 ,上海
576 ,睡前故事系列,无,开明出版社,null,9787513142625 ,120,26.80,1013 ,北京
333 ,亲子美绘本伊索寓言,无,新疆新少年出版社,2014年11月,9787551556071 ,12,22.80,1043 ,湖北武汉
291 ,大脑使用书6册,无,中国华侨出版社,null,9787511376510 ,128,39.80,1047 ,北京
106 ,做人要有心机做事要有心计,王阔,武汉出版社,2011年3月,9787543054899 ,32.8,12.80,1048 ,北京
917 ,数据库系统实现(计算机科...,（美）加西亚-莫利纳等,机械工业出版社,2010年5月,9787111302872 ,59,168.00,106 ,北京
538 ,我与地坛新,史铁生著作,人民文学出版社,null,9787020135639 ,32,20.80,1066 ,湖北武汉
162 ,快乐读书吧,冰波金近等,浙江少年儿童出版社,null,9787559709035 ,90,21.50,1068 ,山东济南
685 ,思维风暴鸿雁编著,无,吉林文史出版社,null,9787547242193 ,45,9.90,1070 ,北京
87 ,三国演义注音彩图版,罗贯中,汕头大学出版社,2015年11月,9787565820656 ,10,12.80,1081 ,山东济南
881 ,父与子,埃·奥·卜劳恩,东北师范大学出版社,null,9787568148573 ,29.8,18.80,1088 ,上海
186 ,十万个为什么,无,海豚出版社,null,9787511032454 ,96,19.80,1094 ,上海
230 ,null,小饭,出版社名称:：null,null,9787506388818 ,35,0.10,1098 ,北京
585 ,大数据平台基础架构指南,刘旭晖,电子工业出版社,2018年7月,9787121342592 ,69,49.80,11 ,广东广州
128 ,破云,淮上,江苏凤凰文艺出版社,null,9787559436399 ,49.8,29.90,1102 ,浙江杭州
259 ,倾城之恋,张爱玲著,北京十月文艺出版社,null,9787530218624 ,49.5,24.80,1111 ,北京
715 ,懂幽默的人跟任何人都聊得...,无,中国华侨出版社,null,9787511372611 ,32,39.80,1114 ,北京
132 ,365夜好故事,无,武汉出版社,null,9787543073982 ,135.2,9.90,1122 ,湖南长沙
764 ,教育部统编《语文》推荐阅...,高尔基,人民文学出版社,null,9787020137398 ,30,22.50,1133 ,上海
742 ,处世三不——不生气不抱怨...,沈小洁,西苑出版社,2010年8月,9787802107786 ,29.8,65.00,1134 ,湖南长沙
469 ,森林报,维塔利·瓦连季诺维奇·比安基,广东旅游出版社,null,9787557006136 ,24.8,14.00,1146 ,安徽合肥
323 ,没头脑和不高兴,无,浙江少年儿童出版社,null,9787533259563 ,61.8,9.90,1148 ,上海
811 ,董卿做一个有才情的女子套...,乔瑞玲李子涓,百花洲文艺出版社,null,9787550025998 ,79.6,39.80,1159 ,北京
505 ,四大名著//古典名著足本...,其他作者,内蒙古文化出版社,2003年9月,9787805067087 ,58,98.00,1161 ,北京
730 ,快乐读书吧,冰波金近等,浙江少年儿童出版社,null,9787559709035 ,90,18.00,1163 ,江苏徐州
772 ,世界上最神奇的24堂课,（美）查尔斯·哈奈尔,新世界出版社,2009年9月,9787802282742 ,488,28.80,1165 ,北京
204 ,且听风吟.風の歌を聴け,村上春树,上海译文出版社,null,9787532777631 ,28,16.80,1166 ,北京
572 ,狼王梦,沈石溪,浙江少儿,null,9787534256301 ,26,13.00,1166 ,江苏南京
866 ,三毛流浪记套装,张乐平,少年儿童出版社,null,9787558900648 ,156,93.60,1166 ,江苏南京
877 ,墨菲定律,无,吉林文史出版社,null,9787547235584 ,75,26.80,1175 ,浙江杭州
396 ,安徒生童话,安徒生,青岛出版社,null,9787555280361 ,25,19.80,1187 ,河北廊坊
913 ,做最好的自己彩绘注音版,无,郑州大学出版社,null,9787564543594 ,120,24.80,1188 ,湖北武汉
100 ,厚黑学全集,李宗吾,中国友谊,null,9787505731233,98.8,45.00,1189 ,北京
855 ,你的孤独虽败犹荣,刘同,中信出版社,2014年7月,9787508645056 ,39.8,19.90,1193 ,北京
67 ,林徽因不慌不忙的坚强,赵一,哈尔滨出版社,null,9787548423768 ,39.8,19.80,1195 ,江苏南京
108 ,那不勒斯四部曲系列,(日)太宰治,江苏科技,null,9787553791463 ,257,34.50,1197 ,江苏无锡
416 ,洛克菲勒写给儿子的38封信,无,吉林文史出版社,2019年3月,9787547259405 ,36,9.90,1204 ,浙江杭州
121 ,小笨熊中华成语讲堂,崔钟雷,黑龙江美术出版社,null,9787531863649 ,63.2,9.90,1208 ,湖北武汉
722 ,一只想飞的猫,陈伯吹,长江文艺出版社,null,9787570204052 ,22,16.78,1208 ,江苏南京
955 ,穆斯林的葬礼(2015版),霍达,北京出版集团公司北京十月文艺出版社,2015年9月,9787530212837 ,49.8,35.90,1209 ,江苏无锡
103 ,第七天(2018版),余华,新星,null,9787513331418 ,39.5,19.80,1211 ,北京
961 ,仓央嘉措,仓央嘉措,长江文艺出版社,null,9787535475107 ,28,31.80,1212 ,北京
12 ,带刺的朋友,宗介华,湖南少年儿童出版社,2014年2月,9787535894465 ,15,12.00,1218 ,江苏南京
486 ,*具启蒙意义的经典诵读宝...,梁子,中国人口出版社,2014年9月,9787510125546 ,12,29.80,1220 ,北京
621 ,雾都孤儿,查尔斯·狄更斯,江苏凤凰文艺出版社,null,9787559422309 ,52,24.00,1220 ,江苏无锡
884 ,半小时漫画中国史4,陈磊,海南出版社,null,9787544387866 ,49.9,24.90,1222 ,北京
776 ,十宗罪(中国十大恐怖凶杀...,蜘蛛,湖南文艺出版社,2010年12月,9787540446765 ,26,109.00,1225 ,湖南长沙
762 ,不畏将来 不念过去,顾锦妍,江西美术出版社,null,9787548043287 ,26.8,9.90,1231 ,北京
545 ,将来的你一定会感谢现在拼...,无,江苏凤凰美术出版社,null,9787558009310 ,105.6,16.90,1234 ,北京
73 ,绝境血狼,沈石溪,安徽少年儿童出版社,2016年2月,9787539786698 ,18,69.80,1235 ,湖北武汉
506 ,一年级的小豌豆,无,青岛出版社,null,9787555266815 ,76,38.00,1236 ,北京
1 ,人性的弱点,戴尔·卡耐基,民主与建设出版社,null,9787513920797 ,38,22.80,1240 ,江苏南京
706 ,骆驼祥子,老舍,光明日报出版社,null,9787519428563 ,22.8,12.80,1240 ,江苏宿迁
850 ,班长下台/百年百部中国儿...,桂文亚,长江少儿,null,9787556044009 ,24,14.40,1247 ,上海
65 ,AR枕边童话小绘本全10册,上海仙剑文化传媒股份有限公司,山东美术出版社,null,9787533062378 ,100,14.80,1249 ,江苏苏州
470 ,人性的弱点,无,吉林文史出版社,null,9787547245699 ,49,29.80,1249 ,北京
360 ,蝴蝶豌豆花--中国经典童...,金波,河北教育出版社,2011年7月,9787543480568 ,19.8,14.80,1252 ,江苏南京
226 ,你能行,(美)奥里森·斯维特·马登|译者:边晓华,文汇出版社,2011年8月,9787549602506 ,32,45.80,1253 ,浙江杭州
292 ,时间,(美)加来道雄,重庆,null,9787229077648 ,121.6,68.00,1254 ,浙江杭州
455 ,昆虫记,刘敬余,长江少年儿童出版社,2014年4月,9787556002429 ,15.8,28.80,1257 ,浙江杭州
568 ,你若不勇敢谁替你坚强,刘少影,成都地图出版社,2018年6月1日,9787555708742 ,29.8,49.80,1259 ,安徽合肥
474 ,小故事大道理,无,南方日报出版社,null,9787549118465 ,26.8,13.80,1263 ,江苏淮安
874 ,少年励志成长记,无,黑龙江美术出版社,null,9787559319524 ,221.2,9.90,1263 ,湖北武汉
597 ,中国四大名著/少年读经典...,(明)吴承恩|总主编:刘敬余,北京教育出版社,null,9787570402083 ,119.2,57.00,1264 ,浙江杭州
680 ,寒假读一本好书,寒假读一本好书,北方妇女儿童出版社,null,9787536085664 ,28,21.80,1264 ,广东广州
463 ,快乐读书吧,冰波金近等,浙江少年儿童出版社,null,9787559709035 ,90,25.80,1270 ,四川成都
887 ,没头脑和不高兴注音版,无,安徽少年儿童出版社,null,9787534267925 ,50,25.00,1270 ,江苏南京
517 ,愿你历尽千帆,曾锴,光明日报出版社,2017年8月,9787519431761 ,36.8,30.80,1271 ,天津
846 ,猎人笔记,（俄）屠格涅夫,南京大学出版社,2010年11月,9787305074622 ,19.8,39.00,1271 ,北京
113 ,所有失去的别在吃苦的年纪...,汤木,天津人民出版社,null,9787201086880 ,174.8,29.80,1272 ,北京
653 ,草房子,曹文轩,江苏少年儿童出版社,2009年6月,9787534618727 ,18,14.80,1272 ,广东广州
171 ,人性的弱点全集,戴尔·卡耐基,大众文艺出版社,2010年4月,9787800947728 ,28,15.90,1273 ,福建福州
679 ,嫌疑人X的献身,东野圭吾,南海出版公司,2014年6月,9787544267618 ,35,24.20,1274 ,北京
835 ,汤姆·索亚历险记,马克·吐温,山东美术出版社,2013年4月,9787533041458 ,28.8,11.80,1274 ,江苏徐州
561 ,"目送-龙应台""人生三书""...",龙应台,广西师范大学出版社,2014年1月,9787549550173 ,43,25.80,1275 ,江苏无锡
4 ,人间词话,王国维,北京联合出版公司,null,9787550249691 ,29.8,14.90,1279 ,北京
565 ,余生 请多指教,柏林石匠,百花洲文艺出版社,null,9787550019157 ,39.8,27.50,1281 ,北京
554 ,高效对话,郭津宏,哈尔滨出版社,null,9787548427636 ,39.8,59.00,1283 ,北京
781 ,风会记得一朵花的香(修订...,丁立梅,金城出版社,2016年1月,9787515513164 ,29.8,18.30,1284 ,北京
769 ,草房子,曹文轩著,湖北少年儿童出版社,2005年12月,9787020078400 ,19.79,13.68,1286 ,湖南长沙
525 ,每天演好一个情绪稳定的成...,老杨的猫头鹰,湖南文艺出版社,null,9787540492243 ,45,27.00,1293 ,北京
109 ,唐诗300首,无,长江少年儿童出版社,null,9787535386076 ,32,17.80,1294 ,江苏南京
236 ,方与圆,无,吉林文史出版社,null,9787547242162 ,49,38.00,1294 ,上海
54 ,阶梯数学5-6岁,无,黑龙江美术出版社,null,9787531874720 ,12.8,29.99,1295 ,福建福州
192 ,小企鹅心灵成长故事注音版...,汤素兰|绘画:赵晓音,明天,null,9787533298883 ,60,36.00,1298 ,上海
294 ,中国神话故事,改编:李琳,湖北美术出版社,2010年6月,9787531345855 ,12.8,52.80,1301 ,福建福州
875 ,笑猫日记转动时光的伞,杨红樱,明天出版社,null,9787533288198 ,15,50.00,1304 ,福建福州
111 ,寄小读者无障碍精读版,冰心,天地出版社,null,9787545521535 ,24.8,11.80,1306 ,江苏徐州
465 ,浮生六记,沈复,天津人民出版社,null,9787201094014 ,32,12.80,1306 ,江苏无锡
826 ,斑羚飞渡(升级版)/动物...,沈石溪,浙江少儿,null,9787534250033 ,24,14.40,1306 ,广东广州
615 ,别输在不会表达上,李劲,古吴轩出版社,2016年9月,9787554607381 ,35,45.00,1308 ,北京
293 ,愿你的生活既有善良 又有...,无,吉林出版集团股份有限公司,2018年9月,9787558157912 ,38,9.90,1310 ,北京
433 ,小王子(精),(法)安托万？德？圣埃克苏佩里著作李继宏译者,天津人民出版社,2013年1月,9787201077642 ,32,9.90,1314 ,北京
495 ,阿凡提,云凡,吉林文史出版社,null,9787547244951 ,72,29.80,1314 ,河南郑州
699 ,水浒传,施耐庵 罗贯中,南海出版公司,2013年11月,9787544267137 ,22.8,9.80,1317 ,广东广州
156 ,小学生看图作文,21,金盾出版社,null,9787565811296 ,67.2,16.80,1319 ,上海
497 ,唐诗三百首,无,世界图书出版广东有限公司,2017年5月,9787510097638 ,29.8,9.90,1319 ,湖北武汉
530 ,阿衰1-10册,猫小乐,云南教育出版社,null,9787541522970 ,100,68.00,1319 ,广东广州
141 ,爱的教育正版,埃·德·阿米琪斯,二十一世纪出版社,null,9787556823833 ,26,10.50,1320 ,江苏徐州
386 ,西游记故事有声阅读,孙博文,陕西人名教育出版社,null,9787545037722 ,128,39.80,1325 ,上海
149 ,别怕 这个世界很温柔,等待温暖的小狐狸,中国广播电视出版社,2014年1月,9787504370341 ,25.8,18.80,1327 ,北京
224 ,熊孩子励志成长记,无,世纪图书出版公司,null,9787519224844 ,79,28.00,1328 ,浙江杭州
713 ,成长励志系列,徐栩晨朵宋妍妍,郑州大学出版社,null,9787564544225 ,108,24.80,1330 ,浙江杭州
577 ,钢铁是怎样炼成的,奥斯特洛夫斯基,吉林文史出版社,2017年6月,9787547243640 ,43.8,14.80,1334 ,北京
686 ,细菌世界历险记,高士其,北京日报出版社,2016年8月,9787547722756 ,19.8,9.80,1335 ,江苏南京
905 ,人生必读书爱的教育,亚米契斯,山东美术出版社,2013年4月,9787533041564 ,28.8,11.80,1335 ,河北廊坊
169 ,睡前故事,无,长江出版社,null,9787549231904 ,15.8,19.90,1338 ,上海
800 ,城南旧事,林海音,中国文联出版社,2017年5月,9787519027261 ,21.8,10.80,1339 ,江苏淮安
923 ,少年趣味读史记,无,东北师范大学出版社,2017年5月,9787568157308 ,128,39.80,1342 ,江苏徐州
58 ,你不是迷茫 你只是自控力...,黄梓博,辽宁人民出版社,null,9787205088071 ,39.8,29.80,1348 ,湖南长沙
119 ,一千零一夜(青少彩绘版),无,河北少年儿童出版社,2014年3月,9787537670005 ,17.8,22.80,1348 ,湖北武汉
493 ,神笔马良,洪汛涛,天地出版社,null,9787545540543 ,19.8,18.00,1348 ,湖北武汉
164 ,狼王梦,沈石溪,长江少年儿童出版社,null,9787556043637 ,25,12.60,1350 ,上海
482 ,半小时漫画全套4册/半小时...,陈磊,海南出版社等,2018年5月,9787497260179 ,159.6,79.80,1350 ,江苏南京
447 ,思维导图,无,吉林文史出版社,null,9787547240502 ,45,32.80,1357 ,北京
133 ,厚黑学中的智慧全集,李宗吾,天津科学技术出版社,2009年5月,9787530851289 ,35,31.80,1358 ,浙江杭州
356 ,三国演义,无,吉林出版集团有限责任公司,null,9787553466682 ,19.8,9.90,1358 ,福建福州
935 ,365夜睡前故事,其他作者,吉林出版集团有限责任公司,null,9787553461182 ,19.8,9.90,1358 ,湖北武汉
392 ,人间失格,太宰治,煤炭工业出版社,null,9787502062347 ,30,23.50,1360 ,江苏宿迁
763 ,左右脑潜能开发,无,广东旅游出版社,null,9787557011703 ,76.8,29.80,1366 ,江苏南京
24 ,米小圈上学记第一辑,无,四川少年儿童出版社,2012年9月第一版,9787536557406 ,66,59.90,1370 ,湖南长沙
50 ,墨菲定律精装,无,燕山出版社,null,9787540251802 ,146.8,45.00,1371 ,浙江杭州
476 ,时代广场的蟋蟀,乔治塞尔登,新蕾出版社,null,9787530732762 ,13,9.90,1371 ,福建福州
441 ,简爱,夏洛蒂勃朗特,人民教育出版社,null,9787107331404 ,48.8,36.60,1373 ,江苏南京
351 ,中华成语故事,无,北京教育出版社,null,9787552275872 ,19.8,12.90,1376 ,北京
945 ,西游记,吴承恩,吉林美术出版社,2016年1月,9787557503963 ,16.9,16.80,1377 ,北京
138 ,我的野生动物朋友,(法)蒂皮.德格雷,云南教育出版社,2002年8月,9787541520716 ,29,26.50,1380 ,广东广州
523 ,正能量-做个内心强大的女...,戴尔·卡耐基,中华工商联合出版社,2014年4月,9787802499881 ,32,38.80,1380 ,北京
143 ,人性的弱点,戴尔卡耐基,光明日报出版社,null,9787519423414 ,32,9.90,1381 ,北京
820 ,钢铁是怎样炼成的正版,无,天地出版社,null,9787545521429 ,24.8,11.80,1382 ,江苏徐州
852 ,东宫,匪我思存,江苏凤凰文艺出版社,null,9787559402554 ,56,28.00,1382 ,北京
264 ,你就是吃了不会说话的亏...,佐佐木圭一,北京联合出版公司,null,9787550286092 ,64,17.20,1386 ,江苏无锡
105 ,霍乱时期的爱情,无,南海出版公司,2015年6月,9787544277617 ,49.5,34.20,1387 ,江苏无锡
240 ,宝葫芦的秘密书,无,天地出版社,null,9787545521931 ,24.8,11.80,1391 ,北京
84 ,城南旧事,林海音,吉林大学出版社,2016/7/1,9787567768789 ,28.8,11.80,1392 ,江苏徐州
348 ,史记,无,中国华侨出版社,null,9787511366016 ,98,39.80,1392 ,北京
863 ,草房,曹文轩,天天出版社,2011年10月,9787501605095 ,22,11.00,1392 ,北京
303 ,西游记,无,郑州大学出版社,2015年3月,9787798400335 ,54.5,29.80,1396 ,北京
339 ,后来时间都与你有关,张皓宸,天津人民出版社,null,9787201120713 ,39.8,23.90,1402 ,北京
273 ,弟子规,无,吉林大学出版社,2014年3月,9787560151564 ,15.9,24.80,1403 ,湖北武汉
220 ,语文新课标草原上的小木屋,刘益宏,江西美术,null,9787548055945 ,23.8,9.90,1405 ,湖南长沙
420 ,增广贤文,周希陶,江苏凤凰美术出版社,2015年6月,9787534486579 ,49.8,21.80,1405 ,浙江杭州
755 ,图画捉迷藏,季刚编,湖北美术出版社,null,9787539451619 ,48,15.80,1407 ,北京
687 ,和大人一起读(一至四册),无,人民教育出版社,null,9787107327131 ,39.8,29.80,1414 ,河南郑州
626 ,米小圈脑筋急转弯书,无,四川少年儿童出版社,2016年1月,9787536574380 ,64,38.40,1415 ,浙江杭州
806 ,青铜葵花,曹文轩,天天出版社有限责任公司,null,9787501609413 ,25,11.80,1415 ,北京
361 ,铁道游击队,刘知侠,江苏人民出版社,null,9787214138927 ,28,18.80,1419 ,山东济南
223 ,东野圭吾悬疑系列6册,东野圭吾,南海出版公司,null,9787544274685 ,220.8,88.50,1421 ,江苏无锡
464 ,小王子,冯慧娟,吉林美术出版社,2014年11月,9787538689990 ,29.8,29.80,1426 ,北京
765 ,写给儿童的中国历史1,陈卫平,新世界出版社,2014年2月,9787510448188 ,25,177.50,1428 ,北京
299 ,人间失格,﹝日﹞太宰治,江苏凤凰文艺出版社,null,9787559422408 ,45,23.50,1429 ,北京
270 ,心灵励志系列,无,吉林大学出版社,2014年11月,9787560149547 ,240,99.00,1434 ,北京
912 ,你若不勇敢谁替你坚强,刘少影,成都地图出版社,2018年6月1日,9787555708742 ,29.8,35.00,1435 ,广东广州
904 ,绿野仙踪,莱曼·弗兰克·鲍姆,人民邮电出版社,2012年10月,9787115303691 ,15.8,10.80,1437 ,广东广州
959 ,史记/阅古知今,司马迁,哈尔滨出版社,null,9787548433484 ,298,35.80,1437 ,江苏无锡
608 ,吸墨鬼系列全套10册,无,二十一世纪出版社,null,9787556820368 ,100,29.80,1440 ,广东广州
789 ,父与子,无,安徽少年儿童出版社,null,9787539789842 ,25,12.50,1443 ,广东广州
75 ,简爱,夏洛蒂勃朗特,天津人民美术出版社,null,9787530585863 ,28,14.80,1444 ,江苏淮安
352 ,提升女人情商的4本书（董卿...,乔瑞玲等,百花洲文艺出版社,null,9787550025998 ,158.8,34.80,1446 ,北京
66 ,国学经典启蒙读本唐诗三百...,无,文化发展出版社,null,9787514214963 ,25.8,16.80,1449 ,湖北武汉
546 ,小巴掌童话(彩图注音版)...,张秋生,北京教育出版社,2013年5月,9787552220049 ,10,9.80,1449 ,江苏淮安
611 ,米小圈上学记(二年级),北猫,四川少年儿童出版社,null,9787536587762 ,100,59.90,1451 ,浙江杭州
390 ,鲁滨逊漂流记,无,云南出版社,null,9787541538742 ,15.8,10.80,1453 ,河南郑州
627 ,小幽默 大气场你的幽默价...,无,万卷出版公司,2014年11月,9787547027110 ,34,15.90,1454 ,福建福州
751 ,我的第一套启蒙认知贴纸书,无,中国人口出版社,2013年5月,9787510117350 ,56,29.80,1454 ,北京
123 ,外婆的道歉信,弗雷德里克·巴克曼,天津人民出版社,null,9787201116693 ,42,25.20,1455 ,北京
124 ,睡前故事书,无,开明出版社,null,9787513142618 ,240,29.80,1456 ,上海
263 ,小英雄雨来,管桦,长江少年儿童出版社,2016年4月,9787556044764 ,20,11.80,1456 ,上海
33 ,列那狐的故事,玛特.艾.季诺夫人,人民邮电出版社,2013年8月,9787115327956 ,15.8,7.90,1457 ,北京
213 ,摆渡人3无境之爱,（英）克莱儿·麦克福尔,百花洲文艺,null,9787550032125 ,46,23.00,1457 ,浙江杭州
184 ,西游记,其他作者,远方出版社,2008年6月,9787805855769 ,10,19.80,1462 ,福建福州
330 ,父与子全集,无,文心出版社,null,9787551013840 ,36,12.80,1462 ,湖北武汉
655 ,不离,西子绪,百花洲文艺出版社,null,9787550033757 ,45,29.30,1462 ,北京
540 ,水浒传,温儒敏,人民教育出版社,null,9787107328244 ,75.8,46.85,1464 ,上海
56 ,装在口袋里的爸爸,杨鹏,春风文艺出版社,null,9787531351351 ,420,55.94,1465 ,河北石家庄
64 ,唐诗三百首,无,中国华侨出版社,null,9787511361899 ,59,28.00,1465 ,湖北武汉
704 ,四季读不停带刺的朋友,无,湖南少年儿童出版社,null,9787535894465 ,15,12.00,1465 ,上海
674 ,我在未来等你刘同,刘同,北京联合出版公司,null,9787559608949 ,42,19.80,1466 ,江苏南京
879 ,世说新语(无障碍阅读学生...,(南朝宋)刘义庆|主编:程帆,北京教育出版社,2013年1月,9787552215571 ,22,14.90,1467 ,浙江杭州
934 ,默读123共三册,Priest,百花洲文艺出版社,null,9787550025103 ,141,89.50,1470 ,江苏无锡
657 ,中国文化课,余秋雨,中国青年出版社,null,9787515356822 ,128,76.80,1471 ,北京
428 ,正版书籍苹果树上的外婆,洛贝,新蕾出版社,2011年1月,9787530749760 ,17,14.00,1478 ,上海
185 ,没头脑和不高兴,任溶溶,安徽少年儿童出版社,2018年7月,9787570700752 ,25,12.50,1481 ,江苏苏州
189 ,杨红樱画本,杨红樱,湖北少年儿童出版社,2012年1月,9787535364753 ,108,55.00,1482 ,湖南长沙
260 ,在时光中盛开的女子,李筱懿,上海文艺出版社,null,9787532162475 ,36,19.80,1482 ,北京
753 ,四大童话,无,广东旅游出版社,null,9787557006280 ,220,45.00,1487 ,湖南长沙
29 ,幽默与口才瞬间赢得他人好...,无,北京联合出版公司,2013年1月,9787550212381 ,59,12.80,1491 ,河北廊坊
684 ,朝花夕拾鲁迅著,鲁迅,人民文学出版社,null,9787020137701 ,22,11.20,1493 ,江苏南京
430 ,人性的弱点全集完整全译本,戴尔.卡耐基,中国友谊出版公司,null,9787505738966 ,68,25.30,1495 ,浙江杭州
550 ,温暖和百感交集的旅程,其他作者,作家出版社,2013年3月,9787506365604 ,25,15.60,1495 ,江苏无锡
331 ,中国儿童天天读好书系列·...,无,长春出版社,null,9787544537919 ,16.8,14.80,1501 ,江苏淮安
83 ,小学生必读的名人传记(套...,无,北京教育,null,9787552293005 ,128,39.80,1507 ,湖南长沙
647 ,西游记,(明)吴承恩原,海豚出版社,null,9787511017383 ,15.6,11.80,1511 ,浙江杭州
461 ,希区柯克悬念故事,希区柯克,北方妇女儿童出版社,2014年11月,9787538587036 ,78,25.80,1512 ,河北廊坊
659 ,羊皮卷,其他作者,辽宁画报出版社,2006年7月,9787806018576 ,38,32.80,1513 ,北京
773 ,图画捉迷藏,无,北京科学技术出版社,null,9787530481318 ,33,15.80,1514 ,江苏南京
793 ,名侦探柯南抓帧漫画1-10...,国开童媒北京文化传播有限公司,河南美术,null,9787540131210 ,100,60.00,1518 ,湖南长沙
677 ,正版高效能人士的七个习惯...,史蒂芬?柯维,中国青年出版社,2015年2月,9787515326399 ,68,39.80,1519 ,北京
125 ,格林童话,无,武汉大学出版社,2013年10月,9787307110465 ,13.8,29.80,1522 ,广东广州
369 ,安徒生童话,无,黑龙江美术出版社,Jun-15,9787531865933 ,13.8,9.90,1523 ,江苏苏州
480 ,汤小米上学记-同学关系处...,刘香英,吉林美术出版社,2019年3月,9787557543167 ,15,18.80,1528 ,上海
916 ,米小圈上学记三年级,北猫,四川少年儿童出版社,null,9787536587786 ,100,59.90,1530 ,北京
804 ,曹文轩经典作品,曹文轩,中国少年儿童新闻出版总社,null,9787514849660 ,149,65.00,1533 ,上海
445 ,快乐小学生校园成长记(10...,熊静/金弦,知识,null,9787501596904 ,200,25.80,1535 ,上海
817 ,听什么歌都像在唱自己,网易云音乐编,人民日报出版社有限责任公司,null,9787511553263 ,43.6,23.80,1536 ,江苏无锡
794 ,毕业,（日）东野圭吾,南海出版公司,null,9787544294126 ,49.5,24.80,1538 ,北京
338 ,曹文轩纯美小说系列-青铜...,曹文轩,江苏少年儿童出版社,null,9787534633362 ,22,15.80,1539 ,江苏南京
199 ,安徒生童话,无,北京教育出版社,2017年10月,9787552202281 ,13.8,9.80,1543 ,江苏淮安
285 ,快乐读书吧,无,明天出版社,2018年8月,9787533299064 ,90,18.00,1544 ,上海
481 ,上下五千年,林汉达等,少年儿童出版社,2012年1月,9787532489374 ,58,34.80,1544 ,江苏南京
372 ,故乡书,无,吉林文史出版社,2017年2月,9787547224588 ,20,10.80,1545 ,浙江杭州
633 ,口才三绝为人三会修心三...,路天章,成都地图出版社,null,9787555710929 ,89.4,29.80,1545 ,北京
573 ,思维风暴鸿雁编著,无,吉林文史出版社,null,9787547242193 ,45,9.80,1546 ,江苏南京
767 ,绘本三字经,无,江苏凤凰美术出版社,null,9787558047954 ,60,29.00,1547 ,北京
518 ,森林报全集,无,黑龙江美术出版社,null,9787531881841 ,50,19.80,1549 ,湖北武汉
183 ,专注力训练300题,无,中国人口出版社,null,9787510154201 ,23.8,29.80,1550 ,上海
519 ,时代广场的蟋蟀,乔治塞尔登,新蕾出版社,null,9787530732762 ,13,9.90,1550 ,广东广州
417 ,一只想飞的猫(注音本),陈伯吹,天地出版社,2018年8月,9787545540475 ,19.8,12.80,1552 ,福建福州
620 ,宝葫芦的秘密书,无,知识出版社,2014年1月,9787501579006 ,25,9.90,1553 ,上海
297 ,小猪唏哩呼噜注音版上,孙幼军,春风文艺出版社,2008年3月,9787531332091 ,15,16.80,1559 ,广东广州
861 ,米小圈,北猫,四川少年儿童出版社,null,9787536575356 ,336,44.40,1559 ,江苏南京
324 ,小兵张嘎徐光耀著,徐光耀,人民文学出版社,null,9787020137275 ,30,19.00,1561 ,广东广州
357 ,小猪唏哩呼噜注音版上,孙幼军,春风文艺出版社,2008年3月,9787531332091 ,15,17.60,1562 ,浙江杭州
490 ,摆渡人,无,百花洲文艺出版社,2015年6月,9787550013247 ,36,21.60,1563 ,北京
182 ,昆虫记,法布尔,中国原子能出版社,null,9787502266943 ,32,9.80,1565 ,广东广州
943 ,弟子规,无,黑龙江美术出版社,Jun-15,9787531865940 ,13.8,9.90,1565 ,湖北武汉
181 ,厚黑学全集插图足本典藏版,李宗吾,九州出版社,2010年9月,9787801959799 ,56,38.00,1566 ,江苏南京
940 ,青鸟,（比）梅特林克,北京日报出版社,2016年8月,9787547720813 ,19.8,9.80,1566 ,江苏南京
82 ,新参者(2016版),东野圭吾,南海出版公司,null,9787544281102 ,39.5,19.80,1567 ,北京
39 ,365夜睡前故事,王树春,南京大学出版社,2015年6月,9787305150838 ,29.8,19.80,1568 ,江苏淮安
218 ,神笔马良,无,浙江少年儿童出版社,null,9787559712318 ,72,29.80,1568 ,湖北武汉
457 ,断舍离新版,山下英子,湖南文艺出版社,null,9787540489304 ,45,27.00,1569 ,北京
434 ,墨菲定律,无,中国华侨出版社,null,9787511363411 ,55,22.80,1574 ,江苏南京
353 ,影响孩子一生的国学启蒙经...,龚勋,北京日报出版社,null,9787547715536 ,15.8,9.90,1577 ,江苏南京
663 ,十五岁的小船长,无,长江少年儿童出版社,2016年8月,9787556002924 ,15,7.50,1577 ,江苏无锡
217 ,睁大眼睛找不同,王丽艳,河北美术出版社,null,9787531093992 ,80,19.80,1583 ,北京
336 ,三字经(注音版),无,北京联合出版公司,2017年4月,9787550295957 ,19.8,12.80,1585 ,江苏淮安
290 ,发愤图强终会抵达,郭婷,红旗出版社,2019年1月,9787505142503 ,128,32.00,1586 ,浙江杭州
790 ,睡前故事,蜗牛少儿主编,福建少年儿童出版社,2014年10月,9787539550374 ,19.8,10.80,1587 ,北京
494 ,傲慢与偏见,简?澳斯汀,吉林出版集团,2010年9月,9787546307756 ,28.8,34.80,1588 ,福建福州
652 ,绿山墙的安妮,蒙哥玛丽,天津人民美术出版社,null,9787530585962 ,28,49.90,1590 ,湖北武汉
101 ,格林童话,其他作者,上海远东出版社,2008年4月,9787807066804 ,15,24.80,1592 ,湖北武汉
614 ,何秋光儿童数学思维训练,何秋光,北京少年儿童出版社,null,9787530130735 ,99,42.80,1592 ,上海
631 ,老人与海/海明威,无,贵州人民出版社,2015年12月,9787221118455 ,9.8,29.80,1592 ,浙江杭州
719 ,班主任推荐草原上的小木屋,劳拉英格斯怀德,北京教育出版社,null,9787552261356 ,10,11.80,1592 ,江苏徐州
736 ,昆虫记,无,北京教育出版社,2014年6月,9787552243192 ,13.8,29.80,1592 ,湖北武汉
144 ,大数据挑战与NoSQL数据库技...,陆嘉恒,电子工业出版社,2013年4月,9787121196607 ,79,175.00,16 ,上海
638 ,SQL必知必会,美福达,人民邮电出版社,2013年5月,9787115313980 ,29,22.00,16 ,北京
700 ,R语言实战(第2版),RobertI.Kabacoff,人民邮电出版社,null,9787115420572 ,99,73.90,16 ,北京
893 ,《繁星.春水》,冰心,人民文学出版社,null,9787020137671 ,36,23.80,1603 ,江苏南京
401 ,人间失格太宰治,太宰治,民主与建设出版社,2017年3月,9787513914239 ,34,8.80,1611 ,湖南长沙
534 ,好看的皮囊千篇一律 有趣...,老杨的猫头鹰,现代出版社,null,9787514365641 ,39.8,19.90,1613 ,北京
641 ,麦琪的礼物,欧·亨利,煤炭工业出版社,null,9787502056124 ,23.8,45.00,1616 ,浙江杭州
227 ,米小圈第三四辑,无,四川少年儿童出版社,null,9787536587809 ,200,99.80,1617 ,上海
552 ,米小圈,北猫,四川少年儿童出版社,null,9787536575325 ,138,69.00,1623 ,上海
202 ,中国民间故事,少军,新疆青少年出版社,2015年3月,9787551527491 ,19.8,15.00,1625 ,北京
953 ,爆笑成语,无,江西美术出版社,null,9787548058281 ,55,19.80,1629 ,浙江杭州
836 ,小鲤鱼跳龙门,金近,明天出版社,null,9787533299101 ,18,18.00,1630 ,湖北武汉
159 ,吹牛大王历险记注音版,拉斯伯,北京教育出版社,null,9787552242195 ,19.8,11.90,1631 ,北京
491 ,米小圈上学记-三年级(全...,北猫,四川少年儿童出版社,null,9787536587779 ,100,59.90,1634 ,江苏南京
737 ,绿山墙的安妮,蒙哥玛丽,天津人民美术出版社,null,9787530585962 ,28,13.80,1635 ,江苏淮安
807 ,瓦尔登湖,亨利·戴维·梭罗,吉林文史出版社,2017年6月,9787547243664 ,43.8,158.00,1635 ,北京
170 ,舒克贝塔传,无,浙江少年儿童出版社,2015年12月,9787534290787 ,25,88.00,1636 ,湖南长沙
347 ,上学记,堤吉比·费尔德肯卜,四川少儿版社,2014年2月,9787533277512 ,66,59.90,1639 ,江苏南京
726 ,把你的情商用起来,叶舟,江西人民出版社,null,9787210092728 ,39.8,29.80,1646 ,浙江杭州
876 ,三毛林徽因张爱玲传,杨祯萍,海峡文艺出版社,null,9787555015000 ,96,29.90,1648 ,福建福州
600 ,刀剑神域21,川原砾,浙江人民美术出版社,2019年9月,9787534075711 ,35,30.00,1649 ,北京
797 ,皮皮鲁传,郑渊洁,浙江少年儿童出版社,null,9787534290770 ,25,16.80,1651 ,江苏淮安
605 ,大卫科波菲尔(上、下),无,中央编译出版社,2010年11月,9787511704399 ,44.8,26.00,1653 ,湖北武汉
235 ,文家名学,沈从文/著,北京教育出版社,null,9787552252330 ,126.4,39.80,1654 ,湖北武汉
795 ,活着,无,作家出版社,null,9787506365437 ,28,14.00,1660 ,北京
928 ,[3本套]口才三绝为人三...,本书编写组,成都地图出版社,null,9787555710981 ,89.4,29.80,1665 ,天津
38 ,昆虫记,法布尔,新疆青少年出版社,null,9787551568654 ,12,34.80,1669 ,湖北武汉
118 ,我与地坛新,史铁生著作,人民文学出版社,null,9787020135639 ,32,18.80,1677 ,浙江杭州
720 ,卡耐基写给女人一生的幸福...,无,苏州古吴轩出版社有限公司,2016年9月,9787554607428 ,32.8,16.40,1682 ,北京
168 ,成语接龙,无,江西人民出版社,null,9787210070283 ,38,31.50,1683 ,江西南昌
429 ,昆虫记4本套,无,北京教育出版社,null,9787552239454 ,79.2,11.90,1683 ,北京
622 ,水浒传(上下),施耐庵,河北人民出版社,1990年4月,9787202006191 ,61,32.80,1690 ,北京
254 ,笑背古诗词1（套装）,刘义良著 夏和绘,湖南教育出版社,null,9787553960272 ,140,70.00,1691 ,北京
883 ,一只想飞的猫,陈伯吹,天天出版社,2013年6月,9787501606740 ,20,18.00,1693 ,浙江杭州
214 ,互动有声书国学启蒙唐诗,羽奕,北京时代华文书局,null,9787569929300 ,98,45.80,1696 ,湖南长沙
458 ,从数据获取到深度学习,朱洁,电子工业出版社,null,9787121300004 ,69,48.30,17 ,广东广州
714 ,智能时代,吴军,中信出版社,null,9787508663814 ,68,42.80,17 ,湖北武汉
180 ,人间失格,太宰治,煤炭工业出版社,null,9787502062347 ,30,16.80,1706 ,河南郑州
358 ,阶梯数学,刘刚,北方妇女儿童出版社,null,9787531864530 ,27.6,29.80,1706 ,浙江杭州
932 ,最强大脑之忆菲冲天,无,电子工业出版社,null,9787121293160 ,49,32.00,1709 ,北京
951 ,童年,无,吉林文史,null,9787547233887 ,23.8,29.80,1714 ,北京
683 ,草原上的小木屋,无,北京教育,null,9787570405015 ,29.8,10.80,1717 ,上海
864 ,阳光姐姐小书房,伍美珍,浙江少年儿童出版社,null,9787534296437 ,19,9.90,1718 ,广东广州
822 ,名家儿童文学精选系列,冰波,中国人口出版社,2016年5月,9787510141034 ,15.8,25.80,1720 ,浙江杭州
950 ,羊皮卷,其他作者,辽宁画报出版社,2006年7月,9787806018576 ,38,68.00,1720 ,北京
370 ,名家文学读本小学生鲁迅读...,刘发建,浙江少儿,null,9787534264597 ,19,15.00,1721 ,湖南长沙
239 ,快乐读书吧二年级上册全5...,无,人民教育出版社,null,9787107327117 ,80,39.00,1728 ,江苏南京
440 ,好看的皮囊千篇一律 有趣...,老杨的猫头鹰,现代出版社,null,9787514365641 ,39.8,19.90,1730 ,北京
381 ,稻草人,叶圣陶,中国少年儿童出版社,2014年3月,9787514814712 ,19,13.20,1733 ,浙江杭州
941 ,卡耐基写给女人的一生幸福...,戴尔·卡耐基,中国华侨出版社,null,9787511375278 ,32,11.80,1733 ,河南郑州
35 ,国学经典声律启蒙下,无,吉林人民出版社,null,9787206116353 ,19.8,29.80,1735 ,浙江杭州
280 ,新参者(2016版),东野圭吾,南海出版公司,null,9787544281102 ,39.5,19.70,1735 ,江苏无锡
833 ,中国古代传说,赵镇琬,新世界出版社,2011年8月,9787510419003 ,21.8,54.75,1735 ,广东广州
234 ,365夜故事宝贝睡前故事,无,海豚出版社,null,9787511032423 ,136,35.80,1737 ,上海
539 ,成语故事2,无,世界图书出版广东有限公司,null,9787519214074 ,15,9.90,1743 ,浙江杭州
930 ,没头脑和不高兴,任溶溶,浙江少年儿童出版社,null,9787559706522 ,18,9.00,1743 ,北京
938 ,名家散文,朱自清等,中国华侨出版社,null,9787313052971 ,68,26.50,1743 ,北京
739 ,让成长带你穿透迷茫愿你...,俞敏洪,湖南文艺出版社,null,9787540482374 ,78,15.80,1751 ,北京
412 ,米小圈上学记第三辑(共4册...,北猫,四川少儿,null,9787536565142 ,66,59.90,1755 ,浙江杭州
151 ,万历十五年(增订本),黄仁宇,中华书局有限公司,2007年1月,9787101054491 ,18,15.90,1758 ,江苏无锡
819 ,蚯蚓的日记(精),(美)朵琳·克罗宁|译者:陈宏淑|绘画:(美)哈利·布里斯,明天,2013年4月,9787533273477 ,32.8,23.90,1761 ,江苏南京
849 ,米小圈,北猫,四川少年儿童出版社,2012年9月,9787536557406 ,16.5,44.40,1761 ,上海
120 ,当你又忙又美 何惧患得患...,梁爽,天地出版社,null,9787545547795 ,42,21.00,1762 ,北京
629 ,神话故事,无,天地出版社,null,9787545541014 ,49.6,16.80,1762 ,广东广州
698 ,快乐读书吧,严文井冰波等,山东教育出版社,null,9787570106684 ,75,16.00,1763 ,湖南长沙
873 ,全脑开发500题,歆音 露霖,化学工业,2013年7月,9787122172068 ,19.8,29.99,1765 ,福建福州
960 ,西游记上下,无,人民教育出版社,null,9787107319532 ,65.8,49.35,1768 ,江苏无锡
318 ,米小圈上学记三年级,无,四川少年儿童出版社,2014年4月,9787536565128 ,66,59.90,1769 ,福建福州
418 ,假如给我三天光明书,无,天地出版社,null,9787545521726 ,24.8,11.80,1769 ,北京
453 ,非洲民间故事中国民间故...,无,哈尔滨出版社,null,9787548445470 ,19.9,35.00,1769 ,上海
671 ,爱的教育,(意)阿米琪斯,江苏凤凰文艺出版社,null,9787539998336 ,35,29.80,1771 ,北京
244 ,米小圈上学记第一辑,无,四川少年儿童出版社,2012年9月,9787536557406 ,66,59.90,1773 ,湖南长沙
962 ,良辰美警,五更大雨,百花洲文艺出版社,2016年6月,9787550015388 ,25,36.80,1774 ,湖南长沙
163 ,了不起的狐狸爸爸,（英）达尔（Dahl R.）著 代维译,明天出版社,2009年12月,9787533259563 ,10,9.60,1777 ,上海
245 ,脑筋急转弯,无,黄山书社,2010年7月,9787546111032 ,18,38.40,1777 ,江苏南京
816 ,郑渊洁四大名传舒克贝塔传,郑渊洁,浙江少年儿童出版社,2015年12月,9787534290787 ,25,48.00,1783 ,浙江杭州
848 ,羊皮卷,其他作者,辽宁画报出版社,2006年7月,9787806018576 ,38,128.00,1785 ,北京
395 ,蚯蚓的日记(精),(美)朵琳·克罗宁|译者:陈宏淑|绘画:(美)哈利·布里斯,明天,2013年4月,9787533273477 ,32.8,23.90,1786 ,福建福州
322 ,西游记名著,无,天地出版社,null,9787545521177 ,24.8,11.80,1787 ,江苏徐州
399 ,列那狐的故事,无,上海大学出版社,2014年7月,9787567113619 ,13.8,47.50,1792 ,北京
902 ,笠翁对韵,李渔（清）,北京日报出版社,2015年6月,9787547715543 ,15.8,9.90,1796 ,江苏南京
17 ,国学,无,中国出版集团,null,9787519201449 ,100.8,24.90,1797 ,福建福州
549 ,朝花夕拾西游记,无,人民教育出版社,null,9787107316616 ,88.6,66.45,1797 ,湖南长沙
251 ,基于Python的大数据分析基...,余本国,中国水利水电出版社,null,9787517064992 ,69.8,39.80,18 ,山东济南
521 ,R语言实战(第2版),RobertI.Kabacoff,人民邮电出版社,null,9787115420572 ,99,63.90,18 ,北京
784 ,安徒生童话,郑毅/编,长江出版社,null,9787549237210 ,48,14.80,1800 ,湖北武汉
208 ,中国神话故事,无,北京教育出版社,null,9787552275858 ,25.8,14.80,1804 ,广东广州
122 ,宝葫芦的秘密(彩图注音版...,张天翼|主编:刘敬余,北京教育出版社,2013年5月,9787552220032 ,10,9.80,1806 ,江苏淮安
931 ,小鲤鱼跳龙门,无,哈尔滨出版社,null,9787548444923 ,15.8,18.80,1807 ,安徽合肥
424 ,一只想飞的猫,陈伯吹,济南,null,9787548815921 ,36,20.80,1812 ,山东青岛
553 ,安徒生童话,无,人民教育出版社,null,9787107330117 ,25,39.80,1812 ,北京
681 ,一只想飞的猫,陈伯吹,二十一世纪出版社,null,9787556842896 ,18,19.80,1813 ,上海
266 ,中国古代传说,赵镇琬,新世界出版社,2011年8月,9787510419003 ,21.8,54.75,1814 ,北京
137 ,民间故事,无,天地出版社,null,9787545528114 ,99.2,11.80,1816 ,上海
320 ,宠物集中营(典藏升级版),杨红樱,浙江少年儿童出版社,2018年9月,9787559708007 ,20,48.00,1816 ,北京
359 ,一千零一夜,王瑞琴译,人民文学,2013年11月,9787020100279 ,78,35.00,1819 ,北京
847 ,学霸成长记(共10册),无,东北师范大学出版社,2018年9月,9787568150484 ,158,25.80,1829 ,湖北武汉
479 ,俗世奇人,冯骥才,人民文学出版社,null,9787020138104 ,28,16.80,1830 ,江苏南京
869 ,小鲤鱼跳龙门,金近,商务印书馆,2019年6月,9787100174145 ,21.8,32.80,1834 ,江苏无锡
14 ,我与世界只差一个你后来...,张皓宸,天津人民,null,9787201120713 ,75.8,19.90,1838 ,江苏无锡
409 ,故乡青少版,无,吉林文史,null,9787547224588 ,24.8,29.80,1841 ,湖南长沙
188 ,高效能人士的七个习惯(30...,（美）史蒂芬·柯维,中国青年出版社,null,9787515350585 ,79,47.40,1843 ,北京
752 ,中国民间故事,无,天地出版社,null,9787545528114 ,24.8,11.80,1843 ,上海
438 ,墨菲定律,阳知行,中国商业出版社,2018年2月,9787504499134 ,48,118.00,1846 ,北京
595 ,罗尔德·达尔作品典藏(5册...,无,明天出版社,null,9787533299224 ,118,59.00,1850 ,上海
255 ,半生烟雨半世桃花--李清...,无,中国华侨出版社,2018年5月,9787511373939 ,35,36.00,1852 ,湖南长沙
925 ,小兵张嘎,徐光耀著；张品操绘,长江文艺出版社,2015年8月,9787535479730 ,16,29.80,1855 ,河南郑州
603 ,幼学琼林(有声朗读版),(明)程登吉,山东美术出版社,null,9787533066178 ,28.8,38.00,1857 ,江苏徐州
672 ,笑猫日记从外星球来的孩子,杨红樱,明天出版社,2014年1月,9787533277109 ,15,28.80,1862 ,广东广州
947 ,安徒生童话,安徒生,上海译文出版社,null,9787532776474 ,45,10.80,1863 ,上海
503 ,蔡康永的说话之道12,蔡康永,湖南文艺出版社,2014年8月,9787540468316 ,65,29.80,1875 ,江苏无锡
79 ,和大人一起读(一至四册),无,人民教育出版社,null,9787107327131 ,39.8,29.80,1877 ,四川成都
225 ,骆驼祥子,老舍,延边大学出版社,2012年5月,9787563447190 ,28.8,21.80,1881 ,山东济南
282 ,爱的教育,无,浙江少年儿童出版社,2016年2月,9787534291531 ,23.5,29.80,1884 ,上海
249 ,人性的弱点卡耐基,戴尔·卡耐基,黑龙江美术出版社,2018年9月第三次印刷,9787531880271 ,19.8,35.00,1885 ,上海
886 ,时代广场的蟋蟀,乔治·塞尔登,二十一世纪出版社集团,null,9787556830428 ,18,9.00,1887 ,北京
944 ,安徒生童话,无,北京日报出版社,null,9787547718506 ,15.8,26.80,1888 ,湖北武汉
385 ,史记,司马迁,团结出版社,null,9787512652156 ,298,35.80,1891 ,北京
380 ,成语故事,无,江西教育出版社,2013年3月,9787539268866 ,59,22.80,1895 ,湖北武汉
900 ,昆虫记,法布尔,海豚出版社,null,9787511032409 ,158,17.10,1896 ,浙江杭州
92 ,大数据时代的统计学思维让...,无,中国水利水电出版社,null,9787517062394 ,69.8,49.70,19 ,上海
531 ,你的善良必须有点锋芒,幕颜歌,古吴轩出版社,null,9787554607237 ,32.8,16.40,1908 ,北京
436 ,狼道法则全集,余长保,中国书籍出版社,2011年5月,9787506824293 ,35,88.00,1909 ,北京
150 ,中华上下五千年,崔钟雷编,浙江人民出版社,2013年7月,9787213055287 ,12,39.80,1918 ,福建福州
596 ,母爱的羁绊,卡瑞尔·麦克布莱德(KarylMcBride),机械工业出版社,2015年9月,9787111513100 ,35,23.80,1923 ,江苏无锡
733 ,三体,刘慈欣,重庆出版,2015年9月,9787229030933 ,93,46.00,1925 ,上海
398 ,中国民间故事,刘敬余编,北京教育出版社,2015年9月,9787570403028 ,54,22.80,1926 ,江苏徐州
854 ,孤独的小螃蟹,冰波,长江文艺出版社,null,9787570203987 ,23,21.50,1928 ,湖北武汉
198 ,一只想飞的猫,陈伯吹,文化发展出版社,2017年2月,9787514216356 ,13.8,28.00,1930 ,湖南长沙
747 ,少有人走的路,无,中国商业出版社,2013年10月,9787504481696 ,32.8,24.60,1932 ,江苏无锡
828 ,七彩美绘本古典名著,无,新世纪出版社,2015年5月,9787540589950 ,72,26.80,1935 ,湖北武汉
158 ,小英雄雨来,管桦,中共党史出版社,2014年4月,9787509825877 ,15,11.28,1937 ,浙江杭州
954 ,了不起的狐狸爸爸,罗尔德,明天出版社,null,9787533299224 ,28,14.00,1948 ,浙江杭州
537 ,哈佛最受欢迎的口才课(畅...,无,中国商业出版社,null,9787504487483 ,32,25.80,1952 ,北京
53 ,没头脑和不高兴,任溶溶,浙江少儿出版社,null,9787534267925 ,12,9.00,1953 ,上海
587 ,时间的答案,卢思浩,北京联合出版公司,null,9787559634870 ,45,26.80,1956 ,浙江杭州
710 ,父与子全集：彩色双语版,卜劳恩,河北少年儿童出版社,null,9787537690355 ,29.8,11.80,1959 ,上海
68 ,鲁迅全集,鲁迅,西安交通大学出版社,null,9787560567945 ,168,49.80,1967 ,北京
301 ,米小圈上学记如果我有时光...,北猫,四川少年儿童出版社,2013年5月,9787536560017 ,16.5,59.90,1967 ,北京
200 ,益智宝宝早教启蒙小故事,欣金星文化,海豚出版社,null,9787511039200 ,120,28.80,1968 ,浙江杭州
701 ,安徒生童话,安徒生,同心出版社,null,9787547712504 ,15.8,9.90,1970 ,江苏南京
743 ,快乐读书吧,无,北京教育出版社,null,9787559706447 ,18,22.80,1970 ,上海
345 ,瓦尔登湖(经典珍藏版),(美)亨利·梭罗|译者:田伟华,中国三峡出版社,2010年12月,9787802236516 ,28,16.80,1974 ,北京
578 ,成长故事,名家选编,长江文艺出版社,2012年12月,9787807232001 ,19.79,10.10,1975 ,湖北武汉
190 ,唐诗三百首,（清）蘅塘退士,中国文联,2016年12月,9787519023997 ,26,38.00,1977 ,北京
718 ,小孩,大冰,湖南文艺出版社,null,9787540492380 ,39.6,29.80,1982 ,江苏无锡
174 ,红岩罗广斌/杨益言著,罗广斌/杨益言,中国青年出版社,null,9787500601593 ,36,22.50,1983 ,河南郑州
175 ,淘气包马小跳漫画升级版,无,安徽少年儿童出版社,null,9787539794532 ,18,54.00,1996 ,福建福州
219 ,快乐读书吧,孙幼军著,北京教育出版社,null,9787570403738 ,69,21.80,1997 ,江苏淮安
271 ,自己动手做大数据系统/,张魁等著,电子工业出版社,null,9787121295867 ,49,36.70,20 ,广东广州
610 ,NoSQL数据库入门与实践(基...,刘瑜 刘胜松,中国水利水电出版社,null,9787517060840 ,89.8,39.90,20 ,北京
485 ,牧牛小马斯摩奇,无,世界图书出版公司,null,9787519246440 ,23.8,39.80,2002 ,山东青岛
201 ,快乐读书吧二年级全5册,无,南京大学出版社,null,9787305223969 ,65,15.80,2004 ,江苏南京
514 ,小王子,安托万·德·圣埃克苏佩里,江苏凤凰文艺出版社,null,9787539998312 ,36,19.80,2004 ,北京
803 ,三国演义(彩图版),罗贯中,山东美术出版社,2014年1月,9787533041441 ,28.8,11.80,2004 ,江苏徐州
567 ,妹妹的红雨鞋注音版,林焕彰,长江少年儿童出版社,2018年8月,9787556081660 ,25,15.00,2010 ,上海
166 ,轻狂,巫哲,文化发展出版社,null,9787514227475 ,49.8,27.00,2011 ,浙江杭州
693 ,中国民间故事神话故事国学...,许刚,吉林美术出版社,null,9787538662429 ,88.8,18.80,2012 ,广东广州
791 ,四大名著,无,商务印书馆,null,9787517606307 ,112,39.80,2018 ,江苏淮安
510 ,我们仨杨绛,杨绛,三联书店,null,9787108042453 ,23,11.50,2019 ,江苏无锡
379 ,云阅读骆驼祥子,老舍,广东旅游出版社,null,9787557007201 ,26.8,75.00,2020 ,上海
211 ,世界经典悬疑故事,希区柯克,中国华侨出版社,2014年11月,9787511347428 ,58,37.80,2021 ,河北廊坊
856 ,唐诗学书系增订本唐诗论...,陈伯海,上海古籍出版社,2015年11月,9787108012548 ,298,42.80,2024 ,湖南长沙
197 ,红岩,杨益言,中国青年出版社,null,9787500601593 ,36,21.60,2026 ,广东广州
326 ,中国民间故事,无,天地出版社,null,9787545528114 ,24.8,11.80,2027 ,广东广州
237 ,中国民间故事,少军,新疆青少年出版社,2015年3月,9787551527491 ,19.8,32.80,2031 ,河南郑州
449 ,刻意练习,安德斯·艾利克森,机械工业出版社,null,9787111551287 ,39,23.40,2035 ,北京
862 ,不抱怨的世界,无,民主与建设出版社,null,9787513909143 ,29.8,29.80,2035 ,浙江杭州
317 ,鲁迅全集,无,辽海出版社,2016年12月,9787545138610 ,1380,45.00,2037 ,北京
51 ,爱的教育,亚米契斯,山东美术出版社,null,9787533041564 ,28.8,75.00,2044 ,北京
613 ,世界上下五千年,无,同心出版社,null,9787547716014 ,68,28.00,2053 ,上海
808 ,朝花夕拾名著,无,人民教育出版社,null,9787107316616 ,22.8,17.10,2053 ,广东广州
334 ,高尔基自传三部曲全套共3册...,改编:陆君平//孙青|绘画:董洪,朝花少儿,2002年11月,9787548423621 ,80,19.90,2054 ,北京
592 ,十宗罪全7册,蜘蛛,湖南文艺出版社,null,9787540460921 ,241.6,123.00,2054 ,安徽合肥
658 ,励志版格林童话,无,商务出版社,null,9787100089623 ,14.8,10.80,2054 ,广东广州
48 ,人间失格,太宰治,中国致公出版社,null,9787514509489 ,35,11.80,2056 ,安徽合肥
415 ,城南旧事林海音,林海音,郑州大学出版社,null,9787564540814 ,32.8,9.80,2057 ,安徽合肥
504 ,厚黑学,李宗吾,群言出版社,2009/11/1,9787800806063 ,29.8,14.90,2058 ,北京
617 ,三国演义,罗贯中,汕头大学出版社,null,9787565818387 ,68,18.50,2062 ,上海
498 ,绿山墙的安妮人生必读书,无,山东美术出版社,2014年4月,9787533049072 ,28.8,11.80,2066 ,江苏徐州
688 ,孤独的小螃蟹,冰波,长江文艺出版社,null,9787570203987 ,23,19.50,2067 ,上海
377 ,中国科幻基石丛书三体,刘慈欣,重庆出版社,2008年1月,9787104551003 ,93,45.00,2070 ,江苏无锡
642 ,活着,余华,北京出版集团北京十月文艺出版社,null,9787530215593 ,35,22.50,2071 ,浙江杭州
897 ,做更优秀的自己,陶春妮主编,广州旅游出版社,null,9787557010577 ,128,28.00,2072 ,湖北武汉
274 ,人间失格,太宰治,煤炭工业出版社,null,9787502062347 ,30,28.80,2079 ,北京
799 ,人性的优点人性的弱点全集,袭村野,辽宁画报出版社,2006年7月,9787806018590 ,38,18.90,2082 ,北京
914 ,呼兰河传(无障碍阅读学生...,萧红,知识出版社,2015年11月,9787501588688 ,16.8,11.50,2084 ,上海
809 ,昆虫记名著,无,人民教育出版社,null,9787107321498 ,34.8,18.80,2089 ,北京
588 ,墨菲定律人性的弱点成功励...,卡耐基等,成都地图出版社/汕头大学出版社(人性的弱点),2018年11月,9787555710950 ,178.8,19.80,2090 ,北京
963 ,新课标安徒生童话,安徒生,知识出版社,2015年6月,9787501586561 ,78,21.80,2090 ,上海
689 ,稻草人彩图注音版,叶圣陶,北京教育出版社,null,9787552220056 ,13.8,25.80,2097 ,上海
484 ,成长不烦恼,无,天津人民美术出版社,2015年8月,9787530579077 ,198,21.80,2098 ,浙江杭州
656 ,大数据技术入门/,杨正洪,清华大学出版社,null,9787302442837 ,59,43.80,21 ,山东济南
857 ,海底两万里,无,黑龙江美术出版社,null,9787531855712 ,15.8,48.80,2106 ,浙江杭州
382 ,林汉达·雪岗·中国历史故...,林汉达雪岗,中国少年儿童出版社,null,9787514840469 ,120,29.50,2107 ,江苏南京
675 ,快乐读书吧,孙幼军著,北京教育出版社,null,9787570403738 ,69,23.80,2107 ,江苏徐州
191 ,诗经,大工,郑州大学出版社,null,9787564555313 ,59.8,22.80,2112 ,河南郑州
735 ,孩子爱读的情商故事小故事...,无,长江出版社,null,9787549247905 ,63.2,19.80,2113 ,湖南长沙
472 ,恐龙历险记(共10册)/孩...,张丛,北京燕山出版社,2012年1月,9787540226527 ,100,9.90,2120 ,湖北武汉
939 ,蚯蚓的日记(精),(美)朵琳·克罗宁|译者:陈宏淑|绘画:(美)哈利·布里斯,明天,2013年4月,9787533273477 ,36.8,23.90,2120 ,江苏徐州
475 ,秘密花园,伯内特,天津人民美术出版社,null,9787530585931 ,28,15.80,2131 ,江苏淮安
94 ,学前儿童专注力训练,李亭,广东旅游出版社,2017年9月,9787557005672 ,60,28.80,2132 ,山东青岛
427 ,声律启蒙有声朗读,车万育,山东美术出版社,null,9787533066116 ,28.8,12.80,2133 ,江苏徐州
667 ,安徒生童话全集,汉斯·克里斯蒂安·安徒生(Andersen.H.C.),天津教育出版社,2009年11月,9787530956403 ,128,37.80,2137 ,浙江杭州
571 ,汤素兰童话动物遇上淘气包...,汤素兰,北京联合出版公司,null,9787550231474 ,67.2,16.80,2145 ,湖北武汉
195 ,一只想飞的猫(注音本),陈伯吹,天地出版社,2018年8月,9787545540475 ,19.8,12.00,2150 ,湖南长沙
648 ,珍藏版唐宋八大家,无,辽海出版社,2015年1月,9787545132533 ,498,29.80,2151 ,北京
557 ,神话传说,无,浙江教育出版社,null,9787553693101 ,29.6,16.80,2153 ,广东广州
731 ,唐诗三百首,无,吉林摄影出版社,2016年1月,9787549824755 ,19.8,19.80,2153 ,江苏淮安
898 ,THELITTLEPRINCE,AntoinedeSaint-Exupery,海豚出版社,null,9787511024848 ,29.8,16.80,2155 ,江苏无锡
551 ,小兵张嘎,徐光耀,长江少年儿童出版社,null,9787556043576 ,16,12.80,2159 ,上海
579 ,厚黑学,李宗吾,中国友谊,null,9787505731233 ,29.8,32.00,2160 ,北京
729 ,稻草人,叶圣陶,吉林文史出版社,2013年6月,9787501606771 ,19,18.80,2169 ,湖北武汉
964 ,朝花夕拾鲁迅,鲁迅,北京师范大学出版社,null,9787303176656 ,16.8,39.80,2177 ,北京
363 ,我要当尖子生,无,中国出版集团,null,9787519216559 ,15.8,28.80,2178 ,浙江杭州
676 ,昆虫记无障碍阅读,法布尔,吉林文史出版社,null,9787547227893 ,23.8,26.89,2188 ,江苏无锡
895 ,昆虫记,无,黑龙江美术出版社,null,9787531855729 ,15.8,28.00,2191 ,浙江杭州
798 ,365夜睡前好故事,无,武汉出版社,2013年1月,9787543073982 ,17,9.90,2194 ,湖北武汉
267 ,千字文,龚勋,北京日报出版社,null,9787547725313 ,15.8,9.90,2198 ,江苏徐州
664 ,深入浅出数据分析,Milton,电子工业出版社,null,9787121184772 ,88,63.36,22 ,广东广州
16 ,黑贝街奇遇,无,中国和平出版社,null,9787513715140 ,20,67.20,2206 ,上海
23 ,米小圈上学记第一辑,无,四川少年儿童出版社,2012年9月,9787536557406 ,66,59.90,2212 ,江苏南京
104 ,做优秀的自己,无,黑龙江美术出版社,null,9787559341211 ,238.4,32.00,2213 ,浙江杭州
350 ,做优秀的自己·熊孩子励志...,跟坏习惯说拜拜编写组|总主编...,世界图书出版公司,null,9787519216498 ,158,28.00,2218 ,湖南长沙
624 ,四大名著,曹雪芹,北京联合,2012年9月,9787550252875 ,360,39.80,2219 ,上海
748 ,稻草人,庄子明,南方出版社,2013年1月,9787550123014 ,19.8,21.00,2220 ,广东广州
43 ,和大人一起读,无,人民教育出版社,null,9787107327131 ,39.8,24.00,2221 ,安徽合肥
8 ,云边有个小卖部,张嘉佳,湖南文艺出版社,null,9787540487645 ,42,21.00,2223 ,山东济南
616 ,亲爱的汉修先生(注音版)...,(美)贝芙莉·克莱瑞|译者:柯倩华,新蕾,null,9787530759172 ,20,14.00,2225 ,上海
508 ,奇妙的数学故事酷酷猴非洲...,李毓佩,长江文艺出版社,null,9787570201914 ,28,12.50,2228 ,北京
262 ,安徒生童话,安徒生,天地出版社,null,9787545521665 ,24.8,19.80,2229 ,北京
911 ,常春藤安徒生童话(注音版...,无,同心出版社,null,9787547715871 ,68,18.50,2239 ,上海
660 ,小狗的小房子,孙幼军,浙江少年儿童出版社,null,9787559709158 ,18,16.50,2240 ,湖北武汉
692 ,卡耐基励志经典大全集,戴尔·卡耐基,华文出版社,2009年10月,9787507527896 ,29.8,29.80,2242 ,北京
858 ,人性的弱点全集,无,台海出版社,null,9787516805060 ,26,29.80,2243 ,天津
560 ,一只想飞的猫,陈伯吹,二十一世纪出版社,null,9787556842896 ,18,19.80,2250 ,上海
355 ,思维训练游戏4-5岁,柳翔,吉林出版集团有限责任公司,2014年6月,9787553444833 ,11.8,59.80,2255 ,浙江杭州
421 ,马小跳,杨红樱,安徽少年儿童出版社,2014年5月,9787539772646 ,90,54.00,2256 ,上海
232 ,中国文化课,余秋雨,中国青年出版社,null,9787515356822 ,128,76.80,2257 ,江苏无锡
915 ,活法,稻盛和夫,东方出版社,2014年4月,9787506073042 ,42,29.50,2273 ,北京
304 ,小猪唏哩呼噜/小布头丛书,孙幼军,春风文艺,2002年10月,7531324571 ,14,24.80,2276 ,江苏无锡
802 ,一起长大的玩具,无,人民教育出版社,null,9787107333460 ,16,12.00,2283 ,山东济南
62 ,一分钟口才训练,杨少丹编著著作,北方妇女儿童出版社,2014年6月,9787538583519 ,18,39.80,2285 ,北京
306 ,云阅读故乡,无,广东旅游出版社,null,9787557008987 ,24.8,10.80,2289 ,湖南长沙
775 ,小狗的小房子,孙幼军,长江文艺出版社,null,9787570204342 ,22,18.00,2289 ,上海
709 ,跟谁都能聊得来,杨岳城,中国纺织出版社,null,9787518031436 ,32.8,39.80,2293 ,北京
618 ,小猪唏哩呼噜,孙幼军,春风文艺出版社,null,9787531347699 ,120,24.80,2295 ,上海
771 ,没伞的孩子必须努力奔跑,胡木木,研究出版社,null,9787519904647 ,36,29.80,2299 ,北京
298 ,一只想飞的猫,陈伯吹,北京教育出版社,2018年6月,9787552261127 ,13.8,9.80,2302 ,江苏淮安
90 ,稻草人安徒生童话格林童...,无,商务印书馆,null,9787100092258 ,45.4,21.00,2314 ,广东广州
305 ,R语言实战(第2版),RobertI.Kabacoff,人民邮电出版社,null,9787115420572 ,99,73.90,232 ,山东济南
823 ,童年,高尔基,中国文联出版社,2017年1月,9787519024802 ,18,12.50,2331 ,江苏淮安
604 ,成语故事,无,长江出版社,null,9787549246786 ,67.2,19.80,2333 ,湖北武汉
309 ,笠翁对韵,李渔（清）,北京日报出版社,2015年6月,9787547715543 ,15.8,12.50,2341 ,江苏苏州
374 ,非洲民间故事,无,哈尔滨出版社,null,9787548445470 ,19.9,22.80,2345 ,上海
526 ,红岩,罗广斌,中国青年出版社,2005年7月,9787500601593 ,36,23.50,2345 ,山东济南
167 ,幼儿趣味小手工3~7岁适用,无,海豚出版社,2014年1月,9787511015938 ,40.8,18.80,2347 ,江苏南京
661 ,5分钟玩出专注力,张旭铠,中信出版社,2011年1月,9787510135217 ,59.2,9.80,2348 ,湖南长沙
607 ,繁星春水,无,团结出版社,null,9787512628861 ,197,12.80,2350 ,北京
644 ,墨菲定律,鸿雁,吉林文史出版社,null,9787547240489 ,49,9.90,2352 ,北京
160 ,小故事大道理,无,云南教育出版社,2011年1月,9787541551178 ,16.8,12.80,2355 ,广东广州
179 ,木偶奇遇记,科洛迪,北京教育出版社,2012年6月,9787552202137 ,10,9.80,2359 ,江苏淮安
483 ,一年级学会管自己,大卫·麦基,长江少儿出版社,null,9787508534558 ,95,28.00,2366 ,浙江杭州
296 ,中外民间神话故事,弘毅,甘肃少年儿童出版社,2016.1,9787542238153 ,8,22.00,2367 ,江苏淮安
851 ,少年读史记,张嘉骅,青岛出版社,2015年9月,9787555225560 ,100,37.30,2368 ,江苏南京
956 ,伪装学渣2,木瓜黄,北京时代华文书局,null,9787569930344 ,39.8,28.00,2371 ,浙江杭州
375 ,希腊神话,(德)斯威布,北京联合出版公司,2014年12月,9787550240308 ,22,22.80,2376 ,上海
354 ,宋词三百首,无,新世纪出版社,null,9787558306082 ,50,18.80,2378 ,湖北武汉
148 ,快乐读书吧,刘敬余/主编,北京教育出版社,null,9787570405046 ,52,18.00,2392 ,湖北武汉
646 ,福尔摩斯探案集,阿瑟柯南道尔,海豚出版社,2016年6月,9787511031952 ,80,26.80,2395 ,浙江杭州
520 ,你不努力谁也给不了你想要...,一颗丸子,中国致公出版社,2014年12月,9787514510119 ,32,9.90,2398 ,北京
402 ,Flink原理、实战与性能优化,张利兵,机械工业出版社,null,9787111623533 ,79,48.80,24 ,江苏南京
668 ,数据科学与大数据分析——...,EMC Education Services,人民邮电出版社,null,9787115416377 ,69,48.80,24 ,山东济南
423 ,我要做好孩子,黄蓓佳,文化发展出版社,2017年3月,9787514216707 ,18.8,14.80,2400 ,上海
511 ,绿野仙踪,鲍姆,山东美术出版社,2013年4月,9787533041687 ,28.8,11.80,2411 ,江苏徐州
78 ,神奇的逻辑思维游戏,索尼国际教育公司,北京日报出版社,null,9787547730676 ,45,22.50,2413 ,北京
909 ,厚黑学中的智慧全集,李宗吾,天津科学技术出版社,2009年5月,9787530851289 ,35,28.80,2415 ,广东广州
650 ,半小时漫画中国史(全新修...,二混子,江苏文艺,null,9787539999883 ,39.9,24.90,2429 ,江苏无锡
368 ,枕上诗书,徐若央,现代出版社,null,9787514376685 ,45,18.50,2431 ,河北廊坊
770 ,人生必读书史记故事,司马迁,山东美术出版社,2014年1月,9787533044923 ,28.8,11.80,2431 ,江苏徐州
446 ,中外神话故事,无,南方日报出版社,null,9787549118472 ,26.8,12.80,2446 ,江苏南京
889 ,非洲民间故事,无,哈尔滨出版社,null,9787548445470 ,19.9,11.80,2447 ,上海
634 ,平凡的世界普及本,路遥,北京十月文艺出版社,null,9787530216774 ,39.8,29.90,2451 ,江苏南京
300 ,稻草人,叶圣陶,远方出版社,2014年8月,9787555501213 ,13.8,16.80,2454 ,北京
543 ,中国古代神话故事书,无,吉林美术出版社,2016年1月,9787557504090 ,16.9,9.90,2454 ,上海
437 ,励志版童年,无,商务印书馆,null,9787100089494 ,14.8,10.80,2457 ,广东广州
28 ,小小屁孩成长记,黄宇,人民邮电出版社,null,9787115445087 ,125,48.00,2462 ,安徽合肥
452 ,懂幽默的人跟任何人都聊得...,无,中国华侨出版社,null,9787511372611 ,32,8.80,2462 ,江苏南京
527 ,呐喊红宝石(升级版),(美)莎朗·克里奇|译者:赵映雪,新蕾,null,9787530750599 ,20,54.75,2463 ,北京
456 ,中华上下五千年,中华上下五千年,吉林大学出版社,2011年1月,9787560168647 ,39.8,79.00,2469 ,浙江杭州
623 ,木偶奇遇记书,无,线装书局,2013年3月,9787512008793 ,19.8,13.80,2485 ,上海
844 ,中国古代寓言故事3册,无,无,null,9787545521481 ,74.4,29.80,2486 ,湖南长沙
589 ,弟子规诗经,无,湖北美术出版社,null,9787539474540 ,20,55.94,2488 ,福建福州
760 ,时代广场的蟋蟀,乔治·塞尔登,二十一世纪出版社集团,null,9787556830428 ,18,8.50,2499 ,广东广州
536 ,基于Python的大数据分析基...,余本国,中国水利水电出版社,null,9787517064992 ,69.8,34.80,25 ,北京
502 ,孤独的小螃蟹,冰波,浙江摄影出版社,2018年5月,9787551421645 ,26,18.00,2503 ,上海
367 ,中外名人故事,无,黄山书社,2015年7月,9787546137605 ,100,25.80,2515 ,浙江杭州
721 ,小王子,埃克苏佩里,宁波出版社,2015年7月,9787552607499 ,16.8,55.00,2516 ,浙江杭州
32 ,快乐读书吧,冰波金近等,浙江少年儿童出版社,null,9787559709035 ,90,19.50,2519 ,上海
948 ,null,张嘉佳,湖南文艺出版社,2013年11月,9787540458027 ,36,18.00,2521 ,江苏无锡
558 ,小鲤鱼跃龙门,无,重庆出版社,2013年7月,9787229068301 ,16.8,19.80,2522 ,北京
566 ,弟子规,无,北京日报出版社,null,9787547725269 ,15.8,9.90,2522 ,江苏南京
80 ,图解口才艺术一本通,徐春艳 赵一,吉林文史出版社,2013年7月,9787547239346 ,39.8,48.00,2525 ,北京
187 ,西游记,吴承恩,汕头大学出版社,null,9787565818363 ,68,18.50,2526 ,上海
287 ,父与子,埃·奥·卜劳恩,黑龙江美术出版社,2018年5月,9787559300416 ,90,35.00,2528 ,北京
18 ,墨菲定律,无,中国华侨出版社,null,9787511363411 ,55,9.90,2532 ,北京
711 ,谜语大全注音彩图版,无,汕头大学出版社,2015年11月,9787565821011 ,10,8.80,2543 ,上海
594 ,平凡的世界,路遥,北京出版集团北京十月文艺出版社等,2017年5月,9787497103315 ,136,74.50,2555 ,江苏无锡
44 ,伪装学渣2,木瓜黄,北京时代华文书局,null,9787569930344 ,39.8,28.00,2561 ,北京
37 ,成语故事,无,北京教育出版社,2014年1月,9787552229592 ,19.8,19.80,2564 ,安徽合肥
867 ,中国古代神话故事套装,立人,天地出版社,null,9787545541014 ,79.4,16.80,2564 ,上海
165 ,格林童话安徒生童话伊索...,格林兄弟,南京出版社,null,9787553317786 ,63.2,48.00,2571 ,上海
695 ,安徒生童话格林童话伊索寓...,格林兄弟安徒生伊索,哈尔滨出版社,null,9787229070083 ,80,18.00,2577 ,北京
265 ,阶梯数学5-6岁,无,黑龙江美术出版社,null,9787531874720 ,12.8,29.99,2580 ,福建福州
319 ,笨狼的故事狼树叶,汤素兰,湖南少年儿童出版社,null,9787556221103 ,20,9.90,2580 ,福建漳州
257 ,安徒生童话,安徒生,二十一世纪出版社,null,9787556842964 ,20,28.80,2581 ,江西南昌
243 ,小猪唏哩呼噜注音版,孙幼军,春风文艺出版社,2014年1月,9787531333227 ,15,16.80,2606 ,福建福州
407 ,世说新语,刘义庆,人民教育出版社,null,9787107329470 ,27.8,20.85,2607 ,江苏南京
102 ,围城(精),钱钟书,100,1991年2月,9787020090006 ,39,27.30,2608 ,江苏无锡
95 ,你要学着强大自己,李宏,黑龙江美术出版社,null,9787531880349 ,138,26.80,2623 ,上海
308 ,你不是迷茫 你只是自控力...,黄梓博,辽宁人民出版社,null,9787205088071 ,39.8,49.80,2623 ,北京
639 ,方与圆,无,吉林文史出版社,null,9787547242162 ,49,19.90,2624 ,北京
562 ,做内心强大的女子,赵格羽,江苏文艺出版社,null,9787539985206 ,35,39.80,2631 ,浙江杭州
278 ,红楼梦,曹雪芹 高鹗,岳麓书社,2012年4月,9787807619062 ,23,21.80,2643 ,湖南长沙
933 ,新课标必读,无,长江出版社,null,9787512629776 ,192,35.00,2656 ,湖北武汉
922 ,小巴掌童话,张秋生,文化发展出版社,2017年2月,9787514216486 ,15,9.90,2659 ,上海
745 ,晚安小故事书,无,海豚出版社,2017年8月,9787511039859 ,120,29.80,2665 ,湖北武汉
712 ,米小圈脑筋急转弯(套装共...,北猫著作,四川少年儿童出版社,null,9787532049509 ,64,38.40,2682 ,湖南长沙
906 ,小灵通漫游未来,叶永烈,长江少年儿童出版社,null,9787556043859 ,24,12.50,2684 ,上海
81 ,成语故事(彩图注音版),无,黑龙江美术出版社,2016年1月,9787531871958 ,28,13.80,2687 ,上海
130 ,希腊神话故事励志版,无,南方出版社,null,9787550146570 ,24.8,14.80,2697 ,广东广州
315 ,挪威的森林,村上春树,上海译文出版社,null,9787532776771 ,38,22.80,2699 ,北京
147 ,哈利·波特与魔法石,J.K.ROWLING,人民文学出版社,2018年10月,9787020144532 ,42,28.60,2700 ,广东广州
894 ,俗世奇人(足本),冯骥才,人民文学出版社有限公司,2016年1月,9787020110933 ,26,15.50,2700 ,江苏无锡
512 ,快乐读书吧,刘敬余/主编,北京教育出版社,null,9787570405046 ,52,25.80,2704 ,湖北武汉
757 ,小王子,安东尼·德·圣埃克苏佩里,北京时代华文书局,null,9787569921854 ,39.8,18.80,2704 ,江苏无锡
337 ,米小圈上学记第一辑,北猫,四川少年儿童出版社,2012年9月,9787536557406 ,66,59.90,2709 ,湖北武汉
542 ,脑筋急转弯,无,黄山书社,2010年7月,9787546111032 ,18,38.40,2712 ,山东济南
625 ,所有的失去终将会温暖归来,古茗,文汇出版社,null,9787549618989 ,32.8,9.90,2714 ,北京
920 ,许三观卖血记,余华,作家出版社,2012年9月,9787506365680 ,24,19.20,2716 ,北京
231 ,曹文轩纯美小说系列草房子,曹文轩,江苏少年儿童出版社,2009年6月,9787534618727 ,22,14.80,2720 ,江苏南京
853 ,快乐读书吧和大人一起读一...,无,青岛出版社,null,9787555280408 ,39.8,16.80,2723 ,上海
670 ,五年级必读经典书目,无,浙江教育出版社,null,9787553692081 ,62.3,27.80,2725 ,广东广州
439 ,动物素描--布封博物笔记...,(法)布封|译者:刘阳,浙江文艺,2010年3月,9787533927554 ,18,15.00,2739 ,北京
952 ,步天歌1,夏达,新世纪出版社,null,9787558322501 ,48,33.00,2758 ,江苏无锡
193 ,父与子全集小学生作文版,无,西安电子科技大学出版社,2019年3月,9787560649078 ,70,39.80,2761 ,湖南长沙
321 ,洋葱头历险记,无,广东旅游出版社,null,9787557006204 ,12.8,9.90,2762 ,上海
477 ,厚黑学,李宗吾,华文出版社,2010年7月,9787507527247 ,296,39.80,2762 ,北京
63 ,中国经典故事绘本,无,成都地图出版社,null,9787555710714 ,200,9.90,2784 ,北京
882 ,成语故事,无,北京教育出版社,2014年1月,9787552229592 ,19.8,19.80,2792 ,河南郑州
927 ,思维导图,无,中国纺织出版社,null,9787518031542 ,49.8,18.50,2793 ,北京
426 ,平凡的世界(共3册),路遥,北京十月文艺,null,9787530216781 ,108,74.50,2805 ,湖北武汉
788 ,人性的弱点卡耐基,戴尔·卡耐基,中国华侨出版社,null,9787511372826 ,32,72.00,2814 ,上海
758 ,生活需要仪式感,李思圆,山东文艺出版社,null,9787532955732 ,36,18.00,2819 ,北京
827 ,人间失格,太宰治,北京联合出版公司,null,9787559633149 ,36,8.80,2833 ,北京
473 ,快乐读书吧,无,青岛出版社,null,9787555238102 ,84,18.00,2834 ,江苏无锡
541 ,父与子,埃·奥·卜劳恩,安徽美术出版社,2017年8月,9787539878492 ,94.8,17.80,2837 ,北京
831 ,所谓情商高就是会说话会办...,无,中国电影出版社,2018年1月,9787106047733 ,39.8,29.80,2846 ,北京
824 ,我与地坛新,史铁生著作,人民文学出版社,null,9787020135639 ,32,19.80,2847 ,北京
414 ,励志版爱的教育,无,商务印书馆,null,9787100089470 ,14.8,9.80,2852 ,广东广州
172 ,[3本套]口才三绝为人三...,本书编写组,成都地图出版社,null,9787555710981 ,89.4,29.80,2881 ,江苏无锡
586 ,迭代-让情商和见识成为你...,薇安,江苏凤凰文艺出版社,null,9787559429988 ,45,38.80,2883 ,北京
154 ,所谓情商高就是会说话,佐佐木圭一,北京联合出版公司,null,9787550286092 ,32,19.20,2885 ,北京
307 ,老人与海海明威,海明威,同心出版社,null,9787547704226 ,19.8,25.80,2888 ,湖北武汉
666 ,笨狼的故事狼树叶,汤素兰,湖南少年儿童出版社,null,9787556221103 ,20,13.80,2891 ,湖南长沙
177 ,活着,无,作家出版社,null,9787506365437 ,28,14.00,2896 ,江苏南京
890 ,草房子,曹文轩,北京教育出版社,null,9787552256963 ,20.8,13.68,2897 ,上海
178 ,大数据,赵刚,电子工业出版社,2013年10月,9787121215605 ,59,43.80,29 ,北京
580 ,简爱,夏洛蒂勃朗特,中国文联出版社,null,9787519004644 ,24,18.00,2908 ,北京
98 ,全脑智力大开发全8册,无,武汉理工大学出版社,null,9787562950172 ,126.4,28.00,2917 ,浙江杭州
740 ,你今天真好看 我可以咬一...,莉兹克里莫,江西人民出版社,null,9787201094359 ,159,68.40,2917 ,北京
117 ,了不起的狐狸爸爸(彩图拼...,(英)罗尔德·达尔|译者:代维|绘画:(英)昆廷·布莱克,明天,null,9787533299224 ,28,16.80,2919 ,北京
957 ,格林童话3册,无,人民邮电出版社,null,9787100089609 ,44.4,21.00,2943 ,浙江杭州
432 ,稻草人,叶圣陶,山东美术出版社,2014年3月,9787533048037 ,28.8,11.80,2949 ,江苏徐州
238 ,人性的弱点(畅销全译版)...,无,湖南文艺出版社,2018年9月,9787540481544 ,39.8,28.80,2951 ,浙江杭州
750 ,自在独行/贾平凹,贾平凹,长江文艺出版社,2016年5月,9787535488473 ,39,23.40,2959 ,北京
738 ,(定制版)长青藤国际大奖...,作者:(美)赖清河|译者:罗玲|绘画:帽炎,晨光,null,9787541485343 ,128,59.80,2961 ,浙江杭州
269 ,你若不勇敢谁替你坚强,宋璐璐,台海出版社,null,9787516812822 ,35,38.80,2971 ,江苏南京
116 ,墨菲定律,阳知行,中国商业出版社,2018年2月,9787504499134 ,48,24.00,2973 ,北京
448 ,米小圈上学记一年级,北猫,四川少年儿童出版社,2012年9月,9787536557444 ,100,59.90,2997 ,浙江杭州
821 ,唐诗宋词曲,无,光明日报出版社,2015年7月,9787511286000 ,1580,98.00,3005 ,北京
619 ,快乐读书吧二年级语文教...,无,明天出版社,2018年8月,9787533299071 ,90,18.00,3025 ,湖北武汉
728 ,中国文化课,余秋雨,中国青年出版社,null,9787515356822 ,128,76.80,3026 ,浙江杭州
387 ,狼王梦全本,沈石溪,少年儿童出版社,2017年5月,9787558901478 ,18,12.60,3027 ,上海
489 ,动物小说大王,无,浙江教育出版社,null,9787553679259 ,225.6,89.80,3036 ,上海
5 ,捉迷藏,格林图书,北京理工大学出版社,null,9787568215770 ,15.8,26.80,3037 ,湖北武汉
362 ,办法总比困难多,无,黑龙江美术出版社,null,9787559321879 ,158.4,29.80,3052 ,上海
397 ,父与子全集(拼音版),本书编辑,江苏科学技术出版社,null,9787553793054 ,45,11.80,3081 ,江苏南京
628 ,鬼谷子,无,中国华侨出版社,2017年5月,9787511334992 ,59,59.00,3089 ,河北廊坊
868 ,水浒传,施耐庵,北京联合出版社,null,9787550278356 ,32,19.80,3092 ,北京
207 ,不会说话你就输了情商高就...,墨陌,中国进出广州公司,null,9787553313368 ,144.8,32.00,3096 ,浙江杭州
696 ,城南旧事,林海音,浙江人民出版社,2014年4月,9787213060328 ,19.8,11.60,3097 ,北京
645 ,数据挖掘(概念与技术原书...,(美)韩家炜|译者:范明//孟小峰,机械工业,2012年8月,9787111391401 ,79,50.90,31 ,江苏无锡
717 ,部编版语文教材推荐阅读书...,无,南京大学出版社,null,9787305225604 ,66,14.80,3102 ,江苏南京
673 ,红楼梦(上下),曹雪芹,人民文学出版社,2010年9月,9787020002207 ,59.7,38.80,3132 ,北京
812 ,朝花夕拾鲁迅,鲁迅,北京师范大学出版社,null,9787303176656 ,16.8,10.80,3134 ,江苏徐州
253 ,数独游戏-逻辑思维训练,无,广东教育出版社,null,9787554826065 ,59.8,23.80,3140 ,广东广州
774 ,墨菲定律,满江树,研究出版社,null,9787519904029 ,39.8,18.80,3160 ,上海
316 ,米小圈漫画成语狐假虎威,北猫,四川少年儿童出版社,2016年5月,9787536575332 ,18.5,44.40,3163 ,湖北武汉
532 ,爱的教育无障碍阅读,亚米契斯,吉林文史出版社,null,9787547227862 ,23.8,29.80,3192 ,上海
256 ,数据挖掘导论(完整版),（美）陈封能等,人民邮电出版社,2011年1月,9787115241009 ,69,44.85,32 ,陕西西安
581 ,中国古代神话,无,商务印书馆,2019年6月,9787100174947 ,28.8,32.80,3202 ,江苏无锡
609 ,鲁滨逊漂流记,笛福,山东美术出版社,2013年4月,9787533041724 ,28.8,11.80,3212 ,江苏徐州
96 ,米小圈上学记二年级,北猫,四川少年儿童出版社,null,9787536560031 ,66,59.90,3220 ,福建福州
768 ,爸爸妈妈讲亲子故事,无,吉林出版集团有限责任公司,null,9787553466613 ,19.8,15.50,3235 ,北京
825 ,格林童话,无,青岛出版社,2015年7月,9787555221982 ,19.8,19.80,3236 ,湖北武汉
487 ,五分钟玩出专注力4阶,无,浙江人民美术出版社,null,9787534060069 ,14.8,12.80,3243 ,湖北武汉
157 ,小猪唏哩呼噜/小布头丛书,孙幼军,春风文艺,2002年10月,7531324571 ,14,24.80,3255 ,江苏无锡
176 ,一千零一夜,佚名,南京出版社,null,9787553317816 ,15.8,9.90,3258 ,湖北武汉
252 ,爆笑校园,朱斌,新世纪出版社,2010年3月,9787540542788 ,20,68.00,3264 ,北京
637 ,励志版安徒生童话,无,商务出版社,null,9787100089609 ,14.8,10.80,3264 ,广东广州
529 ,伪装学渣2,木瓜黄,北京时代华文书局,null,9787569930344 ,39.8,28.00,3265 ,北京
649 ,你只是看起来很努力,李尚龙,北京联合出版公司,null,9787559608789 ,39.8,6.80,3265 ,河北廊坊
364 ,古希腊神话故事珍藏版,刘世洁等编著,北京联合出版社公司,null,9787550237131 ,75,29.80,3267 ,山东济南
599 ,点心王国,efuca.伊藤由香,化学工业出版社,null,9787122267764 ,19.8,29.70,3274 ,北京
272 ,十万个为什么,无,海豚出版社,null,9787511032454 ,96,29.80,3278 ,浙江杭州
74 ,小巴掌童话,张秋生,山东科学技术出版社,2018年3月,9787533191535 ,110.4,35.80,3290 ,浙江杭州
221 ,基于Python的大数据分析基...,余本国,中国水利水电出版社,null,9787517064992 ,69.8,48.80,33 ,上海
785 ,大数据战争人工智能时代不...,无,北京大学出版社,null,9787301303672 ,39,25.70,33 ,上海
9 ,20几岁女孩要做好自己的人...,沐沐,化学工业出版社,2010年10月,9787122092694 ,29.8,29.80,3303 ,北京
814 ,许三观卖血记,余华,作家出版社,2012年9月,9787506365680 ,24,16.00,3306 ,江苏无锡
388 ,稻草人,叶圣陶,北京教育出版社,null,9787552256710 ,19.8,10.80,3310 ,上海
870 ,你今天真好看,莉兹·克里莫,天津人民出版社,2018年7月,9787201132389 ,49,25.50,3312 ,北京
732 ,狼道,无,吉林文史出版社,null,9787547245323 ,49,28.00,3313 ,广东广州
391 ,找不同,童茗,青岛出版社,2014年7月,9787555208723 ,8.8,19.80,3321 ,河南郑州
734 ,厚黑学,李宗吾张默生？,华文出版社,2010年5月,9787507531251 ,29.8,49.80,3332 ,北京
349 ,365夜睡前故事,龚勋,吉林出版社集团,null,9787553461182 ,19.8,11.80,3348 ,河南新乡
332 ,所有失去终将以另一种方式...,墨墨,煤炭工业出版社,null,9787502070922 ,36.8,8.80,3351 ,北京
277 ,米小圈四年级全2册,北猫,四川少年儿童出版社,null,9787536581685 ,39,59.90,3356 ,北京
754 ,汤素兰童话动物遇上淘气包...,汤素兰,北京联合出版公司,null,9787550231474 ,67.2,16.00,3361 ,湖北武汉
404 ,新版文化苦旅,余秋雨,长江文艺出版社,2014年4月,9787535447340 ,38,23.80,3387 ,江苏无锡
99 ,森林报,无,黑龙江美术出版社,2013年11月,9787531842804 ,59.8,35.00,3391 ,浙江杭州
544 ,文家名学,无,北京教育出版社,null,9787552252330 ,126.4,39.80,3397 ,山东青岛
845 ,三字经彩图注音版,无,北京教育出版社,2012年6月,9787552202380 ,13.8,9.80,3401 ,江苏淮安
31 ,德国专注力养成大画册,慕尼黑康帕特出版社股份有限公司,安徽少年儿童出版社,null,9787539788500 ,120,59.00,3404 ,广东广州
288 ,世界十大名著,无,中国文联出版社,null,9787519005931 ,246,38.00,3405 ,湖南长沙
556 ,故事大王书,无,黑龙江美术出版社,2016年2月,9787531874942 ,29.9,19.80,3408 ,上海
871 ,快乐读书吧,冰波/著,北京教育出版社,null,9787570404551 ,64,16.80,3427 ,广东广州
61 ,歪脑袋木头桩,严文井,煤炭工业出版社,null,9787502070519 ,16.8,26.70,3437 ,四川成都
112 ,被讨厌的勇气幸福的勇气,(日)岸见一郎//古贺史健|译者:渠海霞,机械工业出版社,null,9787111564522 ,90,32.00,3444 ,北京
27 ,安徒生童话,无,黑龙江美术出版社,2016年2月,9787531865933 ,13.8,9.80,3447 ,湖北武汉
723 ,四大名著,施耐庵,广东旅游出版社,null,9787557007577 ,198,49.80,3478 ,上海
662 ,刻意练习：如何从新手到大...,安德斯·艾利克森(AndersEricsson),机械工业出版社,2016年11月,9787111551287 ,39,23.40,3485 ,浙江杭州
89 ,人间失格,(日)太宰治|译者:烨伊,武汉,2011年12月,9787543064089 ,25,9.90,3518 ,江苏无锡
97 ,活成自己喜欢的样子易小宛,易小宛,中国出版集团现代出版社,null,9787514350692 ,36,39.80,3532 ,北京
69 ,朝花夕拾西游记,无,人民教育出版社,null,9787107316616 ,88.6,66.45,3533 ,江苏无锡
45 ,中外神话故事,无,吉林出版集团有限责任公司,2013年7月,9787553419381 ,19.8,29.80,3537 ,浙江杭州
888 ,好看的皮囊千篇一律 有趣...,老杨的猫头鹰,现代出版社,null,9787514365641 ,39.8,18.80,3546 ,江苏南京
630 ,弟子规,李毓秀,北京教育出版社,2012年6月,9787552202403 ,10,9.80,3563 ,江苏淮安
632 ,一千零一夜,无,长江出版社,null,9787549231515 ,15.8,45.00,3565 ,湖北武汉
705 ,人间失格,太宰治,天津人民出版社,2013年3月,9787201079707 ,29.9,19.80,3572 ,浙江杭州
284 ,安徒生童话,无,北京教育出版社,null,9787552275797 ,19.8,14.90,3575 ,上海
206 ,小兵张嘎,徐光耀著；张品操绘,长江文艺出版社,2015年8月,9787535479730 ,16,29.80,3577 ,湖北武汉
907 ,人性的优点/弱点组合2册,卡耐基,吉林文史出版社,null,9787547245699 ,90,65.00,3588 ,北京
564 ,李清照,随园散人,人民交通出版社股份有限公司,null,9787114134081 ,36,8.80,3590 ,北京
839 ,思维训练,韩海霞编,世界图书出版社,null,9787519201265 ,55.2,28.00,3592 ,浙江金华
492 ,装在口袋里的爸爸,无,春风文艺出版社,null,9787531343455 ,15,55.94,3597 ,河北石家庄
528 ,全5册城南旧事呼兰河传...,无,北京教育出版社,null,9787552292749 ,86,69.80,3625 ,上海
127 ,做最好的自己,无,广东旅游出版社,null,9787557010584 ,128,32.00,3644 ,湖北武汉
366 ,安徒生童话格林童话稻...,无,人民教育出版社,null,9787107330117 ,75,37.50,3653 ,山东济南
405 ,连线书,青葫芦,广东人民出版社,null,9787218127545 ,48,9.90,3689 ,福建福州
247 ,中国古代神话选编,袁珂,长江文艺出版社,null,9787570207442 ,26,13.80,3693 ,江苏徐州
813 ,将来的你一定会感谢现在拼...,无,中国华侨出版社,2015年5月,9787511351975 ,29.8,29.80,3715 ,广东广州
442 ,小布头奇遇记,孙幼军,北京教育出版社,2016年4月,9787552273663 ,13.8,9.80,3716 ,江苏淮安
583 ,彼得兔的故事,无,同心出版社,2015年6月,9787547714683 ,96,16.60,3719 ,湖北武汉
86 ,人间失格,太宰治,煤炭工业出版社,null,9787502062347 ,30,23.80,3735 ,江苏南京
516 ,快乐读书吧系列三年级上册...,曹文轩陈先云主编,人民教育,null,9787107330117 ,75,37.00,3755 ,安徽合肥
410 ,墨菲定律,李原,中国华侨出版社,null,9787511335777 ,59.8,89.00,3774 ,北京
413 ,小英雄雨来,无,文化发展出版社,2017年7月,9787514217681 ,15.8,10.50,3788 ,江苏南京
837 ,希腊神话,[德]施瓦布,天地出版社,null,9787545524345 ,24.8,28.80,3793 ,浙江杭州
153 ,快乐读书吧,刘敬余/主编,北京教育出版社,null,9787570405046 ,52,29.80,3809 ,湖南长沙
419 ,逻辑思维训练1000题,无,中国华侨出版社,2015年7月,9787511353719 ,59,28.00,3814 ,河北廊坊
15 ,部编版语文教材推荐阅读书...,无,南京大学出版社,null,9787305225598 ,66,15.80,3837 ,江苏南京
908 ,小鲤鱼跳龙门,金近,南京出版社,null,9787553325750 ,18,16.80,3852 ,江苏南京
910 ,中华上下五千年,瀚文宏志童书组,甘肃少年儿童出版社,null,9787542239471 ,8,49.80,3859 ,江苏淮安
547 ,终身成长,卡罗尔·德韦克,江西人民出版社,2017年11月,9787210096528 ,49.8,23.80,3868 ,浙江杭州
139 ,史记,司马迁,北方文艺出版社,2007年9月,9787531722120 ,198,35.80,3875 ,北京
454 ,熊孩子励志成长记第二辑,廉东星编,世界图书出版公司,2017年3月,9787519224998 ,158,29.80,3877 ,湖北武汉
766 ,没头脑和不高兴,无,长江文艺出版社,2018年3月,9787570202492 ,19,9.90,3892 ,上海
834 ,罗尔德·达尔作品典藏,(英)罗尔德·达尔,明天,null,9787533278847 ,200,19.80,3900 ,湖南长沙
838 ,经典儿童亲子系列成语故事,无,东北师范大学出版社,null,9787568150446 ,19.8,19.80,3914 ,河南郑州
805 ,思维风暴,无,北方妇女儿童出版社,2014年12月,9787538588743 ,78,8.60,3918 ,上海
499 ,脑筋急转弯,无,化学工业出版社,2014年1月,9787511033871 ,29.8,9.50,3923 ,湖北武汉
507 ,和喜欢一切在一起,无,浙江文艺出版社,2014年1月,9787533942014 ,35,29.80,3940 ,北京
435 ,自控,无,中国华侨出版社,null,9787512030350 ,32,8.50,3943 ,北京
896 ,励志,无,团结出版社,2014年6月,9787512625006 ,26,34.80,3948 ,湖北武汉
341 ,四大名著,吴承恩曹雪芹罗贯中施耐庵,山东美术出版社,2013年4月,9787533041489 ,115.2,32.80,3957 ,江苏徐州
268 ,人性的弱点,戴尔.卡耐基,天津人民出版社,2014年9月,9787201088822 ,32,16.00,3961 ,北京
744 ,三毛流浪记5册,无,少年儿童出版社,2017年9月,9787532446674 ,148,22.80,3966 ,江苏南京
778 ,心态决定人生,无,中国华侨出版社,null,9787511375292 ,32,9.90,3983 ,北京
115 ,月亮和六便士(毛姆文集)...,(英)毛姆|译者:苏福忠,中国友谊,null,9787505737143 ,114,34.50,3986 ,天津
524 ,狼王梦/沈石溪,沈石溪,浙江少年儿童出版社,null,9787534256301 ,26,13.00,4003 ,江苏南京
93 ,姜小牙上学记,无,四川少年儿童出版社,2017年10月,9787536584693 ,90,54.00,4010 ,上海
488 ,神笔马良,洪汛涛,山东科学技术出版社,2019年1月,9787533197155 ,92,24.80,4014 ,上海
327 ,格林童话,无,文化发展出版社,2016年11月,9787514215281 ,126.4,9.90,4026 ,浙江杭州
500 ,平凡的世界(共3册),路遥,北京十月文艺出版社,2016年11月,9787530212004 ,79.8,74.50,4027 ,北京
241 ,唐诗三百首,无,开明出版社,2017年4月,9787513131339 ,19.8,13.50,4036 ,上海
286 ,笠翁对韵有声朗读版,无,山东美术出版社,null,9787533066055 ,28.8,12.80,4036 ,江苏徐州
295 ,列那狐的故事,吉罗夫人,长江文艺出版社,null,9787535487889 ,16.8,11.80,4040 ,上海
478 ,动物素描--布封博物笔记...,(法)布封|译者:刘阳,浙江文艺,2010年3月,9787533927554 ,18,15.00,4056 ,北京
865 ,笑猫日记,杨红樱,明天出版社,null,9787533290467 ,15.8,50.00,4059 ,上海
314 ,图画捉迷藏,廉东星,新疆青少年出版社,2010年3月,9787551586924 ,79.2,15.80,4101 ,江苏徐州
570 ,羊皮卷,奥里森·马登,中国华侨出版社,2013年8月,9787511337627 ,59,28.80,4115 ,江苏徐州
891 ,小鲤鱼跳龙门,金近,青岛出版社,null,9787555280460 ,25,26.80,4127 ,广东广州
246 ,一只想飞的猫(注音本),陈伯吹,天地出版社,2018年8月,9787545540475 ,19.8,9.00,4160 ,山东济南
431 ,狼道,无,吉林文史出版社,null,9787547245323 ,49,19.60,4193 ,北京
60 ,论语小学国学经典教育读本,无,黑龙江美术出版社,2015年11月,9787531866503 ,15.8,9.80,4198 ,江苏无锡
782 ,别输在不会表达上,无,吉林文史出版社,null,9787547245439 ,49,36.80,4202 ,北京
787 ,专注力训练300题,无,中国人口出版社,null,9787510154201 ,23.8,29.80,4220 ,河南郑州
384 ,爱丽丝漫游奇境记书,无,广东旅游出版社,2016年12月,9787557006198 ,256,55.00,4234 ,上海
22 ,努力到无能为力 拼搏到感...,任现红,北京联合出版社,null,9787550280168 ,29.8,18.80,4242 ,北京
71 ,快乐读书吧,孙幼军著,北京教育出版社,null,9787510403738,69,19.50,4287 ,上海
921 ,小王子,安东尼·德·圣埃克苏佩里,北京时代华文书局,null,9787569922783 ,49.8,18.80,4296 ,北京
783 ,儿童十万个为什么,无,北京教育出版社,null,9787552275773 ,19.8,16.80,4310 ,浙江杭州
422 ,中国经典神话故事绘本,无,长江出版社,null,9787549257492 ,80,28.80,4323 ,湖北武汉
590 ,幼儿睡前好故事,无,北京理工大学出版社,null,9787568240109 ,14.8,19.80,4331 ,湖北武汉
329 ,红岩罗广斌/杨益言著,罗广斌/杨益言,中国青年出版社,null,9787500601593 ,36,21.60,4376 ,江苏南京
343 ,思维导图,宿文渊,北京联合出版公司,null,9787550260443 ,29.8,32.80,4378 ,北京
598 ,四年级快乐读书吧,无,中译出版社,null,9787500159247 ,56.6,26.80,4384 ,北京
468 ,海底两万里,凡尔纳,山东美术出版社,2013年4月,9787533041830 ,28.8,11.80,4447 ,江苏徐州
462 ,小学生成长励志文学,无,长江文艺出版社,null,9787535490087 ,19.8,35.00,4457 ,浙江杭州
335 ,(预售)学渣扶上墙,扣子依依,花山文艺出版社,2014/12/1,9787551120968 ,0,55.00,4467 ,浙江杭州
140 ,中国古代神话,刘敬余编,北京教育出版社,2018年,9787570403004 ,54,28.80,4470 ,浙江杭州
899 ,极限视觉挑战第二辑,季刚,吉林美术出版社,2013年4月,9787557504786 ,55.2,24.80,4470 ,江苏徐州
946 ,西游记,吴承恩,云南教育出版社,2009年6月,9787541538506 ,15.8,21.80,4496 ,湖北武汉
459 ,R语言实战(第2版),RobertI.Kabacoff,人民邮电出版社,null,9787115420572 ,99,73.90,45 ,北京
49 ,小王子(60周年纪念版)精...,（法）圣矣克苏佩里著 林秀清译,中国华侨出版社,2010年8月,9787511305206 ,20,9.90,4525 ,江苏无锡
222 ,福尔摩斯探案集,柯南.道尔,企业管理出版社,2011年8月,9787802558601 ,168,25.80,4565 ,河南郑州
342 ,跟任何人都能聊的来,无,吉林文史出版社,null,9787547239087 ,36,9.90,4581 ,北京
796 ,中华上下五千年,无,黑龙江美术出版社,null,9787531855828 ,15.8,39.90,4589 ,湖南长沙
229 ,3Q贴纸,嘉良传媒,海豚出版社,2016年3月,9787511027788 ,108,16.80,4591 ,江苏南京
759 ,狼道梦华编著,无,吉林文史出版社,null,9787547245323 ,45,68.00,4592 ,北京
19 ,R语言实战(第2版),RobertI.Kabacoff,人民邮电出版社,null,9787115420572 ,99,73.90,46 ,福建福州
400 ,R语言实战(第2版),RobertI.Kabacoff,人民邮电出版社,null,9787115420572 ,99,73.90,46 ,上海
376 ,五年级必读4册,无,浙江教育出版社,null,9787553692081 ,62.3,27.80,4636 ,上海
878 ,父与子,埃·奥·卜劳恩,东北师范大学出版社,null,9787568148573 ,29.8,12.80,4707 ,吉林长春
41 ,专注力训练贴贴画3-6岁,张丛,河北美术出版社,null,9787531085065 ,60,22.80,4800 ,河北石家庄
216 ,装在口袋里的爸爸,杨鹏,春风文艺出版社,null,9787531334095 ,73,35.00,4801 ,湖南长沙
949 ,米小圈上学记(二年级),北猫,四川少年儿童出版社,null,9787536587762 ,100,59.90,4805 ,安徽合肥
815 ,365夜睡前故事(哲理小故事...,深圳幼福编辑部,晨光,null,9787541497643 ,13.8,19.80,4829 ,河南郑州
406 ,快乐读书吧,冰波/著,北京教育出版社,null,9787570404551 ,64,19.50,4832 ,北京
7 ,青少年励志,刘锋,北京时代华文书局,null,9787569927115 ,149,24.80,4878 ,安徽合肥
210 ,一开口就让人喜欢你,无,吉林文史出版社,null,9787547260890 ,35,8.80,4918 ,北京
215 ,名校名师全解版童年,高尔基,北京日报出版社,null,9787547719305 ,19.8,10.80,4968 ,江苏南京
411 ,百年孤独,加西亚·马尔克斯,南海出版公司,null,9787544291170 ,55,41.30,4973 ,北京
569 ,父与子,埃·奥·卜劳恩,黑龙江美术出版社,2011年8月,9787559300416 ,90,35.00,4987 ,江苏南京
310 ,谁说菜鸟不会数据分析,张文霖//刘夏璐//狄松,电子工业出版社,2011年8月,9787121135873 ,59,99.80,57 ,北京
76 ,大数据创新人才培养系列第...,林子雨,人民邮电出版社,2017年1月,9787115443304 ,49.8,29.90,68 ,北京
643 ,深入浅出数据分析,Milton,电子工业出版社,null,9787121184772 ,88,63.36,68 ,浙江杭州
346 ,我在渡口等你,卡夫卡,天津人民出版社,2014年4月,9787201086491 ,29.8,29.90,690 ,天津
203 ,智能时代,吴军,中信出版社,null,9787508663814 ,68,40.80,71 ,北京
129 ,数据思维,王汉生,中国人民大学出版社,null,9787300248561 ,69,39.40,85 ,北京
451 ,SQLServer从入门到精通第...,明日科技,清华大学出版社,null,9787302458210 ,79.8,39.90,86 ,河南郑州
533 ,半小时系列国家系列8本,无,华文天下出版社,null,9787559418111 ,352.3,54.00,865 ,江苏无锡
612 ,珍藏版将来的你,黎芫,江苏凤凰美术出版社,2016年10月,9787558009310 ,32,32.80,897 ,浙江杭州
513 ,史记,司马迁,北京师范大学出版社,null,9787303207084 ,24.8,14.80,899 ,江苏徐州
248 ,史记,司马迁,辽海出版社,2016年7月,9787545137729 ,168,6.80,910 ,北京
716 ,神笔马良（全5册）,洪汛涛,明天出版社,null,9787570801206 ,92,18.00,912 ,湖南长沙
842 ,狼道,特尔瑞,哈尔滨出版社,2004年8月,9787806399217 ,16.79,39.80,912 ,北京
584 ,口才三绝,盛安之,立信会计,null,9787542945150,108,34.80,921 ,浙江杭州
522 ,null,南有先生,出版社名称:：null,null,9787537849388 ,36,0.10,954 ,北京
690 ,中国经典故事,无,延边大学出版社,null,9787568822169 ,200,25.80,958 ,湖北武汉
555 ,水浒传,施耐庵,江苏凤凰文艺出版社,null,9787559401120 ,52,29.80,978 ,北京
40 ,人性的,卡耐基,重庆出版社,null,9787229118969 ,32.8,39.90,983 ,北京